,COUNTRY:,CODE:,ECR/EFDD 2014,EPP 2014,ALDE 2014,Greens/EFA 2014,S&D 2014,GUE/NGL 2014,NI/Unknown 2014,ECR/ID 2019,EPP 2019,RE 2019,Greens/EFA 2019,S&D 2019,GUE/NGL 2019,NI/Unknown 2019,Total,2013 GDP (PPP) International Dollars,2014 GDP (PPP) International Dollars,2018 GDP (PPP) International Dollars,2019 GDP (PPP) International Dollars,2014: Age 0-14,2014: Age 15-24,2014: Age 25-49,2014: Age 50-64,2014: Age 65-79,2014: Age 80+,2019: Age 0-14,2019: Age 15-24,2019: Age 25-49,2019: Age 50-64,2019: Age 65-79,2019: Age 80+,2014: Age 15-64 Education Levels 0-2,2014: Age 15-64 Education Levels 3-4,2014: Age 15-64 Education Levels 5-8,2014: Age 20-24 Education Levels 0-2,2014: Age 20-24 Education Levels 3-4,2014: Age 20-24 Education Levels 5-8,2014: Age 25-34 Education Levels 0-2,2014: Age 25-34 Education Levels 3-4,2014: Age 25-34 Education Levels 5-8,2014: Age 25-64 Education Levels 0-2,2014: Age 25-64 Education Levels 3-4,2014: Age 25-64 Education Levels 5-8,2014: Age 30-34 Education Levels 0-2,2014: Age 30-34 Education Levels 3-4,2014: Age 30-34 Education Levels 5-8,2014: Age 35-44 Education Levels 0-2,2014: Age 35-44 Education Levels 3-4,2014: Age 35-44 Education Levels 5-8,2014: Age 45-54 Education Levels 0-2,2014: Age 45-54 Education Levels 3-4,2014: Age 45-54 Education Levels 5-8,2014: Age 45-64 Education Levels 0-2,2014: Age 45-64 Education Levels 3-4,2014: Age 45-64 Education Levels 5-8,2014: Age 55-64 Education Levels 0-2,2014: Age 55-64 Education Levels 3-4,2014: Age 55-64 Education Levels 5-8,2019: Age 15-64 Education Levels 0-2,2019: Age 15-64 Education Levels 3-4,2019: Age 15-64 Education Levels 5-8,2019: Age 20-24 Education Levels 0-2,2019: Age 20-24 Education Levels 3-4,2019: Age 20-24 Education Levels 5-8,2019: Age 25-34 Education Levels 0-2,2019: Age 25-34 Education Levels 3-4,2019: Age 25-34 Education Levels 5-8,2019: Age 25-64 Education Levels 0-2,2019: Age 25-64 Education Levels 3-4,2019: Age 25-64 Education Levels 5-8,2019: Age 30-34 Education Levels 0-2,2019: Age 30-34 Education Levels 3-4,2019: Age 30-34 Education Levels 5-8,2019: Age 35-44 Education Levels 0-2,2019: Age 35-44 Education Levels 3-4,2019: Age 35-44 Education Levels 5-8,2019: Age 45-54 Education Levels 0-2,2019: Age 45-54 Education Levels 3-4,2019: Age 45-54 Education Levels 5-8,2019: Age 45-64 Education Levels 0-2,2019: Age 45-64 Education Levels 3-4,2019: Age 45-64 Education Levels 5-8,2019: Age 55-64 Education Levels 0-2,2019: Age 55-64 Education Levels 3-4,2019: Age 55-64 Education Levels 5-8,2013: Total Immigration,2013: EU27 Immigration,2013: Non-EU27 Immigration,2013: Unknown Immigration,2014: Total Immigration,2014: EU27 Immigration,2014: Non-EU27 Immigration,2014: Unknown Immigration,2018: Total Immigration,2018: EU27 Immigration,2018: Non-EU27 Immigration,2018: Unknown Immigration,2019: Total Immigration,2019: EU27 Immigration,2019: Non-EU27 Immigration,2019: Unknown Immigration,2013: EU27 Immigration (Percent of Total Population),2013: EU28 Immigration (Percent of Total Population),2013: Non-EU27 Immigration (Percent of Total Population),2013: Non-EU28 Immigration (Percent of Total Population),2013: Foreign country Immigration (Percent of Total Population),2014: EU27 Immigration (Percent of Total Population),2014: EU28 Immigration (Percent of Total Population),2014: Non-EU27 Immigration (Percent of Total Population),2014: Non-EU28 Immigration (Percent of Total Population),2014: Foreign country Immigration (Percent of Total Population),2018: EU27 Immigration (Percent of Total Population),2018: EU28 Immigration (Percent of Total Population),2018: Non-EU27 Immigration (Percent of Total Population),2018: Non-EU28 Immigration (Percent of Total Population),2018: Foreign country Immigration (Percent of Total Population),2019: EU27 Immigration (Percent of Total Population),2019: EU28 Immigration (Percent of Total Population),2019: Non-EU27 Immigration (Percent of Total Population),2019: Non-EU28 Immigration (Percent of Total Population),2019: Foreign country Immigration (Percent of Total Population),2014: Satisfied with Life,2014: Not Satisfied with Life,2019: Satisfied with Life,2019: Not satisfied with Life,2014: Yes Feel Like EU Citizen,2014: No Feel Like EU Citizen,2019: Yes Feel Like EU Citizen,2019: No Feel Like EU Citizen,2014: Left Political Views,2014: Center Political Views,2014: Right Political Views,2019: Left Political Views,2019: Center Political Views,2019: Right Political Views,"2014: Personal: The environment, climate and energy issues ","2019: Personal: The environment, climate and energy issues ",2014: EU: The environment,2014: EU: Energy supply,2014: EU: Climate change,2019: EU: The environment,2019: EU: Energy supply,2019: EU: Climate change,"2014: Personal: The environment, climate and energy issues .1","2019: Personal: The environment, climate and energy issues .1",2014: EU: The environment.1,2014: EU: Energy supply.1,2014: EU: Climate change.1,2019: EU: The environment.1,2019: EU: Energy supply.1,2019: EU: Climate change.1,2014: Positive EU Opinion,2014: Negative EU Opinion,2019: Positive EU Opinion,2019: Negative EU Opinion,2014: Agree Country Better Off if Left EU,2014: Disagree Country Better Off if Left EU,2019: Agree Country Better Off if Left EU,2019: Disagree Country Better Off if Left EU,GDP (PPP) Percent Change 2013-2014,GDP (PPP) Percent Change 2018-2019,Total Immigration Change 2018-2019,EU27 Immigration Change 2018-2019,Non-EU27 Immigration Change 2018-2019,Unknown Immigration Change 2018-2019,Total Immigration Change 2013-2014,EU27 Immigration Change 2013-2014,Non-EU27 Immigration Change 2013-2014,Unknown Immigration Change 2013-2014
0,Austria,AT,0.21365467223835433,0.2698351478859497,0.08137986039614516,0.14523822931397623,0.24089438832736393,0.0,0.048997701838210686,0.172,0.3455,0.0844,0.1512,0.2389,0.0,0.008,2.0,47936.68,48813.54,56636.7,58679.93,0.14300000000000002,0.11900000000000001,0.355,0.2,0.133,0.05,0.14400000000000002,0.109,0.34,0.217,0.138,0.05,0.203,0.524,0.27399999999999997,0.10400000000000001,0.627,0.26899999999999996,0.1,0.516,0.384,0.161,0.54,0.299,0.096,0.505,0.4,0.139,0.529,0.332,0.166,0.568,0.265,0.201,0.556,0.243,0.248,0.5379999999999999,0.213,0.187,0.502,0.311,0.127,0.584,0.289,0.106,0.478,0.41600000000000004,0.14400000000000002,0.518,0.33799999999999997,0.114,0.462,0.424,0.122,0.493,0.385,0.151,0.5429999999999999,0.305,0.17300000000000001,0.5479999999999999,0.28,0.196,0.552,0.252,101866.0,61893.0,35619.0,4354.0,116262.0,68354.0,43201.0,4707.0,105633.0,65630.0,35432.0,4571.0,109167.0,68515.0,35860.0,4792.0,1.7,0.017,0.012,0.012,0.028999999999999998,0.018000000000000002,0.019,0.013000000000000001,0.013000000000000001,0.032,0.021,0.021,0.019,0.019,0.04,0.021,0.021,0.02,0.019,0.04,0.92,0.08,0.92,0.07,0.77,0.22,0.8,0.2,0.3,0.39,0.17,0.34,0.32,0.2,0.12,0.16,0.09,0.04,0.08,0.17,0.08,0.22,0.12,0.16,0.09,0.04,0.08,0.17,0.08,0.22,0.31,0.34,0.45,0.17,0.3,0.61,0.38,0.54,0.01829204692523555,0.03607607787883128,0.03345545426145239,0.04395855553862563,0.012079476179724543,-6.703128418289214,0.14132291441697917,0.104389834068473,0.2128639209410708,-7.09967845659164
1,Belgium,BE,0.23808127417250574,0.16961500803128396,0.24050777264180145,0.11045403096920492,0.1911825215586206,0.0351304965944576,0.015028896032125734,0.2791096523744173,0.1270522954232945,0.19279764271688848,0.1542778934002876,0.16255770624481872,0.08411479411427869,9.001572601470822e-05,1.9999999999999998,43755.16,45043.18,52665.78,54488.09,0.17,0.11900000000000001,0.336,0.19699999999999998,0.125,0.053,0.16899999999999998,0.114,0.327,0.201,0.133,0.055999999999999994,0.295,0.37799999999999995,0.326,0.156,0.584,0.259,0.177,0.38,0.442,0.264,0.36700000000000005,0.369,0.183,0.379,0.43799999999999994,0.196,0.382,0.42200000000000004,0.276,0.379,0.345,0.34,0.353,0.307,0.413,0.32299999999999995,0.263,0.259,0.381,0.36,0.14400000000000002,0.578,0.278,0.14800000000000002,0.379,0.473,0.213,0.38,0.40700000000000003,0.149,0.375,0.475,0.163,0.371,0.466,0.212,0.405,0.38299999999999995,0.26899999999999996,0.385,0.34600000000000003,0.32799999999999996,0.364,0.308,120078.0,73249.0,46381.0,448.0,123158.0,74729.0,47820.0,609.0,137860.0,74187.0,63218.0,455.0,150006.0,79464.0,69995.0,547.0,1.5,0.015,0.019,0.019,0.034,0.019,0.019,0.021,0.02,0.039,0.012,0.012,0.013000000000000001,0.013000000000000001,0.026000000000000002,0.013000000000000001,0.013000000000000001,0.013999999999999999,0.013999999999999999,0.027000000000000003,0.93,0.07,0.91,0.09,0.71,0.29,0.81,0.19,0.23,0.42,0.26,0.32,0.39,0.25,0.12,0.18,0.06,0.05,0.07,0.16,0.07,0.28,0.12,0.18,0.06,0.05,0.07,0.16,0.07,0.28,0.4,0.23,0.38,0.19,0.24,0.7,0.37,0.6,0.029436985260709748,0.03460140531479829,0.08810387349484984,0.07113106069796594,0.10720048087569996,-137.73846153846154,0.02564999417045587,0.02020505399391118,0.03102563549729415,-102.16964285714286
2,Bulgaria,BG,0.17826009297008613,0.3685625360024649,0.17268903247701425,0.011500247830921262,0.22956645217756302,0.006354742054897899,0.03306689648705251,0.1456195622862716,0.37132545767237324,0.16553829496221392,0.004887194384050277,0.25331949029085227,0.0,0.05931000040423867,2.0,16691.7,17670.06,22889.87,24409.41,0.13699999999999998,0.10400000000000001,0.35200000000000004,0.21100000000000002,0.151,0.044000000000000004,0.14400000000000002,0.08900000000000001,0.35,0.204,0.165,0.048,0.226,0.5379999999999999,0.23600000000000002,0.142,0.773,0.086,0.18,0.507,0.313,0.18899999999999997,0.541,0.27,0.179,0.512,0.309,0.16,0.545,0.295,0.174,0.584,0.243,0.209,0.555,0.23600000000000002,0.243,0.528,0.22899999999999998,0.21899999999999997,0.535,0.247,0.156,0.782,0.063,0.17600000000000002,0.49700000000000005,0.327,0.175,0.5429999999999999,0.281,0.17800000000000002,0.49700000000000005,0.325,0.17600000000000002,0.523,0.301,0.163,0.575,0.262,0.175,0.575,0.25,0.188,0.5760000000000001,0.23600000000000002,18570.0,3568.0,14856.0,146.0,26615.0,4410.0,22159.0,46.0,29559.0,8614.0,20913.0,32.0,37929.0,10161.0,27755.0,13.0,,,,,,,,,,0.001,,,0.001,0.001,0.001,,,,,0.001,0.44,0.56,0.48,0.49,0.46,0.53,0.52,0.46,0.23,0.32,0.19,0.24,0.23,0.29,0.03,0.05,0.07,0.09,0.05,0.06,0.06,0.1,0.03,0.05,0.07,0.09,0.05,0.06,0.06,0.1,0.54,0.13,0.59,0.11,0.28,0.53,0.29,0.52,0.058613562429231325,0.06638482437864439,0.2831624885821577,0.17959136289760855,0.32716492134079284,-653.125,0.4332256327409801,0.23598654708520178,0.4915858912224017,-101.43835616438356
3,Cyprus,CY,0.0268699259213484,0.37746896652942674,0.06777926261229597,0.0,0.18515028156067265,0.2796990506500228,0.06303251272623342,0.08664993681812519,0.29024151494117856,0.03799099435812554,0.03286169398615338,0.2437254169113852,0.300443163009237,0.008087279975795112,2.0,30236.86,29887.57,41226.29,43592.17,0.163,0.14300000000000002,0.375,0.18100000000000002,0.10800000000000001,0.031,0.161,0.128,0.371,0.179,0.125,0.037000000000000005,0.261,0.375,0.364,0.076,0.568,0.35700000000000004,0.13699999999999998,0.32299999999999995,0.54,0.22399999999999998,0.373,0.40299999999999997,0.152,0.324,0.525,0.172,0.387,0.441,0.23,0.456,0.314,0.314,0.39799999999999996,0.28800000000000003,0.41600000000000004,0.32899999999999996,0.256,0.215,0.385,0.4,0.077,0.63,0.293,0.1,0.297,0.603,0.175,0.377,0.447,0.11900000000000001,0.293,0.588,0.151,0.37799999999999995,0.47100000000000003,0.172,0.449,0.379,0.24,0.43200000000000005,0.32799999999999996,0.312,0.413,0.275,,,,,,,,,,,,,,,,,3.3,0.038,0.049,0.044000000000000004,0.08199999999999999,0.022000000000000002,0.026000000000000002,0.039,0.035,0.061,0.02,0.025,0.044000000000000004,0.039,0.064,0.019,0.023,0.052000000000000005,0.048,0.071,0.82,0.18,0.86,0.14,0.53,0.47,0.73,0.27,0.17,0.27,0.19,0.17,0.18,0.21,0.01,0.07,0.01,0.01,0.02,0.06,0.01,0.14,0.01,0.07,0.01,0.01,0.02,0.06,0.01,0.14,0.26,0.38,0.47,0.14,0.51,0.41,0.3,0.65,-0.011551794730008369,0.057387652393654565,,,,,,,,
4,Czechia,CZ,0.19729500386673107,0.2642706131078224,0.1637745365861384,0.09057652564315746,0.1436490591834203,0.12017615401466983,0.020258107598060567,0.267096485733508,0.19262263446609007,0.2357011344439453,0.14694750428659106,0.039507922548207015,0.06999259732617952,0.04813172119547909,2.0,30812.68,32542.45,41120.36,42963.05,0.15,0.107,0.371,0.198,0.134,0.039,0.159,0.091,0.36700000000000005,0.188,0.155,0.040999999999999995,0.124,0.685,0.191,0.09300000000000001,0.799,0.107,0.054000000000000006,0.647,0.299,0.068,0.7170000000000001,0.215,0.049,0.669,0.282,0.040999999999999995,0.747,0.212,0.059000000000000004,0.746,0.196,0.092,0.735,0.17300000000000001,0.124,0.7240000000000001,0.151,0.12300000000000001,0.6609999999999999,0.21600000000000003,0.11699999999999999,0.78,0.10400000000000001,0.07,0.604,0.326,0.062,0.695,0.242,0.066,0.583,0.35100000000000003,0.051,0.6809999999999999,0.267,0.047,0.76,0.193,0.065,0.7490000000000001,0.18600000000000003,0.086,0.737,0.177,30124.0,15695.0,14429.0,0.0,29897.0,16260.0,13637.0,0.0,65910.0,17773.0,48137.0,0.0,105888.0,30138.0,75750.0,0.0,0.2,0.002,0.001,0.001,0.003,0.002,0.002,0.001,0.001,0.003,0.002,0.002,0.002,0.002,0.004,0.002,0.003,0.002,0.002,0.005,0.79,0.21,0.86,0.14,0.57,0.43,0.58,0.41,0.28,0.34,0.25,0.2,0.46,0.25,0.06,0.09,0.07,0.08,0.04,0.11,0.03,0.13,0.06,0.09,0.07,0.08,0.04,0.11,0.03,0.13,0.29,0.28,0.29,0.27,0.38,0.52,0.37,0.54,0.05613825217410496,0.044812107676100166,0.606554392353209,0.6957182242727733,0.5736335874690986,,-0.00753551985128137,0.03599872570882447,-0.05488945872894865,
5,Germany,DE,0.09612758154530737,0.35360478515959004,0.04822471685661894,0.12985822016841236,0.27264871116738454,0.09443101047000638,0.005104974632680422,0.12372510451337275,0.2886347578270481,0.07581638675880231,0.24393645417938378,0.16034059678065735,0.08828065885373512,0.019266041087000575,2.0,44993.67,47011.14,55076.88,56523.39,0.132,0.10800000000000001,0.335,0.217,0.155,0.054000000000000006,0.136,0.10400000000000001,0.316,0.228,0.151,0.065,0.19699999999999998,0.5710000000000001,0.23199999999999998,0.22899999999999998,0.7120000000000001,0.059000000000000004,0.127,0.589,0.284,0.131,0.598,0.271,0.125,0.56,0.314,0.13,0.585,0.285,0.126,0.613,0.262,0.133,0.608,0.259,0.142,0.603,0.255,0.195,0.545,0.26,0.225,0.6859999999999999,0.08800000000000001,0.132,0.535,0.33299999999999996,0.134,0.568,0.299,0.13,0.515,0.355,0.13699999999999998,0.537,0.326,0.131,0.591,0.278,0.133,0.594,0.273,0.134,0.596,0.26899999999999996,692713.0,393915.0,295027.0,3771.0,884893.0,457361.0,417011.0,10521.0,893886.0,395075.0,394542.0,104269.0,886341.0,371614.0,407487.0,107240.0,,,,,0.015,,,,,0.019,0.013999999999999999,0.013999999999999999,0.023,0.023,0.037000000000000005,0.013000000000000001,0.013000000000000001,0.023,0.023,0.036000000000000004,0.91,0.09,0.91,0.09,0.79,0.2,0.88,0.11,0.3,0.44,0.13,0.37,0.45,0.09,0.09,0.21,0.04,0.09,0.06,0.15,0.06,0.31,0.09,0.21,0.04,0.09,0.06,0.15,0.06,0.31,0.36,0.2,0.51,0.12,0.22,0.69,0.16,0.78,0.04483897401567823,0.026263470261932088,-0.008440673642947759,-0.059383661330127194,0.032810195112307435,-2.755392302601924,0.2774309129466316,0.16106520442227384,0.4134672419812424,-75.4457703526916
6,Denmark,DK,0.26612667314975136,0.09147562210819724,0.2610227812784678,0.10950307770829106,0.19117413231642022,0.08069771343887233,0.0,0.10764538187037738,0.0618169494228584,0.35769368089297915,0.16595979129022728,0.21481556660281168,0.0920686299207461,0.0,2.0,46829.47,48039.69,57812.09,59832.96,0.172,0.129,0.325,0.191,0.141,0.042,0.165,0.126,0.317,0.196,0.15,0.045,0.287,0.419,0.294,0.264,0.654,0.08199999999999999,0.193,0.391,0.41600000000000004,0.21100000000000002,0.433,0.35700000000000004,0.17800000000000002,0.386,0.436,0.168,0.429,0.40299999999999997,0.196,0.47600000000000003,0.32799999999999996,0.239,0.45299999999999996,0.308,0.289,0.426,0.285,0.26,0.406,0.33399999999999996,0.242,0.6609999999999999,0.09699999999999999,0.17600000000000002,0.353,0.47100000000000003,0.184,0.41200000000000003,0.40399999999999997,0.17,0.336,0.494,0.153,0.382,0.465,0.16399999999999998,0.46,0.376,0.20199999999999999,0.45399999999999996,0.344,0.245,0.44799999999999995,0.308,60312.0,27226.0,32684.0,402.0,68388.0,29313.0,38608.0,467.0,64669.0,29683.0,34459.0,527.0,61384.0,28223.0,32652.0,509.0,0.8,0.008,0.013000000000000001,0.012,0.02,0.008,0.009000000000000001,0.013000000000000001,0.012,0.021,0.006999999999999999,0.008,0.015,0.015,0.022000000000000002,0.006999999999999999,0.006999999999999999,0.015,0.015,0.022000000000000002,0.98,0.02,0.98,0.02,0.73,0.26,0.82,0.18,0.33,0.28,0.34,0.39,0.31,0.26,0.11,0.28,0.11,0.05,0.15,0.27,0.03,0.49,0.11,0.28,0.11,0.05,0.15,0.27,0.03,0.49,0.35,0.26,0.54,0.13,0.21,0.73,0.15,0.8,0.025843128269442323,0.034955837092206885,-0.05079713618580773,-0.04918640299161136,-0.0524391305609565,-64.42125237191651,0.13390370075606844,0.07665466833174171,0.18125076490025702,-80.14179104477611
7,Estonia,EE,0.05298438627307127,0.1393180372184491,0.49410489721242157,0.13502570831037497,0.16628360421683264,0.0006879903072516004,0.01159537646159888,0.12726435092621588,0.10294365620408065,0.4474803073735938,0.017536675258352806,0.2951334521716089,0.0006654541950714234,0.008976103871076531,2.0,27464.52,28927.86,36022.42,38028.51,0.158,0.11199999999999999,0.34700000000000003,0.2,0.135,0.049,0.16399999999999998,0.095,0.349,0.19399999999999998,0.141,0.055999999999999994,0.177,0.49700000000000005,0.326,0.17,0.69,0.141,0.129,0.465,0.406,0.11800000000000001,0.506,0.376,0.127,0.441,0.43200000000000005,0.134,0.479,0.387,0.077,0.5720000000000001,0.35100000000000003,0.10400000000000001,0.5429999999999999,0.354,0.131,0.512,0.35700000000000004,0.171,0.48200000000000004,0.34700000000000003,0.174,0.6940000000000001,0.132,0.131,0.46299999999999997,0.406,0.11,0.495,0.395,0.138,0.42200000000000004,0.44,0.134,0.449,0.41700000000000004,0.08800000000000001,0.542,0.371,0.087,0.537,0.376,0.085,0.5329999999999999,0.382,4109.0,1668.0,2441.0,0.0,3904.0,1829.0,2075.0,0.0,17547.0,10104.0,7353.0,90.0,18259.0,9556.0,8066.0,637.0,,,0.003,0.003,0.003,,,0.002,0.002,0.002,0.002,0.002,0.004,0.004,0.006,0.002,0.002,0.005,0.005,0.008,0.78,0.21,0.84,0.16,0.76,0.22,0.79,0.2,0.15,0.36,0.23,0.16,0.31,0.25,0.04,0.07,0.04,0.11,0.01,0.08,0.05,0.13,0.04,0.07,0.04,0.11,0.01,0.08,0.05,0.13,0.44,0.1,0.47,0.09,0.21,0.7,0.18,0.73,0.053281105950513614,0.055690039703051704,0.04057673676411922,-0.05423594615993666,0.0969672242622059,-74.62222222222222,-0.04989048430275006,0.09652278177458033,-0.14993854977468252,
8,Greece,EL,0.17688184975992763,0.22724832203023626,0.020851174382018146,0.023478892964204766,0.1462872978148123,0.35226894402277126,0.05298351902602962,0.13883813264890643,0.331170012512113,0.015578880147323632,0.026267658088523244,0.09240611804666769,0.34935244467098375,0.04638675388548226,1.9999999999999998,25895.9,26541.28,29761.28,30887.69,0.146,0.10400000000000001,0.355,0.19,0.145,0.06,0.14300000000000002,0.102,0.331,0.203,0.149,0.071,0.331,0.42200000000000004,0.24600000000000002,0.11599999999999999,0.773,0.11199999999999999,0.177,0.436,0.387,0.316,0.40299999999999997,0.281,0.19899999999999998,0.429,0.37200000000000005,0.249,0.48,0.271,0.353,0.391,0.256,0.42200000000000004,0.34299999999999997,0.235,0.502,0.287,0.21100000000000002,0.259,0.46299999999999997,0.278,0.055,0.841,0.10400000000000001,0.102,0.474,0.424,0.23199999999999998,0.449,0.319,0.11900000000000001,0.45,0.431,0.17600000000000002,0.479,0.345,0.237,0.47100000000000003,0.292,0.313,0.423,0.264,0.401,0.368,0.231,57946.0,31779.0,26167.0,0.0,59013.0,35547.0,23466.0,0.0,119489.0,37252.0,82237.0,0.0,129459.0,35364.0,94095.0,0.0,0.2,0.003,0.006,0.006,0.009000000000000001,0.002,0.002,0.005,0.005,0.006999999999999999,0.001,0.001,0.003,0.003,0.004,0.001,0.001,0.004,0.004,0.005,0.43,0.57,0.5,0.5,0.49,0.51,0.57,0.43,0.25,0.31,0.2,0.26,0.29,0.24,0.02,0.01,0.04,0.03,0.03,0.06,0.03,0.06,0.02,0.01,0.04,0.03,0.03,0.06,0.03,0.06,0.22,0.44,0.33,0.28,0.41,0.54,0.34,0.6,0.024922091914163915,0.03784817050879532,0.08343864288762982,-0.050681842585632984,0.14419300314943395,,0.018413695509612398,0.11856886623241764,-0.10322161501127375,
9,Spain,ES,0.019705813056642214,0.28768718092367257,0.13702902833483893,0.09588423143917618,0.2380233607806017,0.19695287639411724,0.02471750907095118,0.06327894628068474,0.20348227524198165,0.15221215588223508,0.0906621001173831,0.3324921102977893,0.10956753310433047,0.048304879075595705,2.0,32452.66,33544.36,41328.35,42600.44,0.152,0.09699999999999999,0.382,0.187,0.124,0.057,0.14800000000000002,0.098,0.353,0.207,0.133,0.061,0.445,0.239,0.317,0.342,0.449,0.209,0.344,0.24100000000000002,0.415,0.434,0.21899999999999997,0.34700000000000003,0.33299999999999996,0.244,0.423,0.34600000000000003,0.22699999999999998,0.428,0.47,0.22699999999999998,0.302,0.5329999999999999,0.204,0.263,0.614,0.174,0.212,0.396,0.253,0.35100000000000003,0.26,0.504,0.23600000000000002,0.302,0.233,0.465,0.387,0.22699999999999998,0.386,0.327,0.22699999999999998,0.447,0.322,0.23399999999999999,0.444,0.39799999999999996,0.23,0.37200000000000005,0.455,0.221,0.324,0.523,0.21,0.267,280772.0,85466.0,195306.0,0.0,305454.0,94959.0,210495.0,0.0,643684.0,120704.0,522980.0,0.0,750480.0,120198.0,630282.0,0.0,0.3,0.004,0.011000000000000001,0.011000000000000001,0.013999999999999999,0.003,0.004,0.009000000000000001,0.009000000000000001,0.012,0.004,0.005,0.013999999999999999,0.013000000000000001,0.018000000000000002,0.005,0.005,0.02,0.019,0.024,0.74,0.26,0.85,0.15,0.71,0.28,0.87,0.13,0.4,0.3,0.1,0.41,0.28,0.14,0.02,0.09,0.02,0.03,0.02,0.12,0.04,0.21,0.02,0.09,0.02,0.03,0.02,0.12,0.04,0.21,0.25,0.29,0.44,0.13,0.23,0.6,0.27,0.65,0.03363976943646532,0.030780081953429156,0.16591370921135215,-0.004192073170731708,0.20517419404183718,,0.08790762611656433,0.11107340930896496,0.07777026819452551,
10,Finland,FI,0.129395230209675,0.2782871432753918,0.2642154633413065,0.10046959602937926,0.12311620592329778,0.09663055012630953,0.00788581109464015,0.1430095981246363,0.2566406836990347,0.20024316341947876,0.1677169140649547,0.14622755178151356,0.0740394361887276,0.012122652721654387,2.0,41587.16,41835.88,49227.95,50676.29,0.16399999999999998,0.12,0.315,0.207,0.14400000000000002,0.05,0.16,0.11199999999999999,0.312,0.19899999999999998,0.163,0.055,0.201,0.452,0.34700000000000003,0.13699999999999998,0.8109999999999999,0.052000000000000005,0.098,0.499,0.40299999999999997,0.135,0.447,0.418,0.091,0.455,0.45299999999999996,0.09699999999999999,0.405,0.499,0.11,0.45399999999999996,0.43700000000000006,0.16899999999999998,0.442,0.389,0.228,0.43,0.342,0.16899999999999998,0.446,0.385,0.11800000000000001,0.8170000000000001,0.065,0.087,0.493,0.42,0.099,0.441,0.46,0.09300000000000001,0.434,0.473,0.071,0.419,0.51,0.09,0.40700000000000003,0.503,0.11900000000000001,0.42700000000000005,0.45399999999999996,0.146,0.445,0.409,31941.0,15141.0,16479.0,321.0,31507.0,14278.0,16900.0,329.0,31106.0,12060.0,18794.0,252.0,32758.0,11683.0,21008.0,67.0,0.4,0.005,0.008,0.008,0.013000000000000001,0.002,0.003,0.006,0.006,0.008,0.001,0.002,0.006999999999999999,0.006,0.008,0.001,0.001,0.006999999999999999,0.006999999999999999,0.008,0.95,0.05,0.96,0.04,0.79,0.2,0.85,0.14,0.23,0.35,0.32,0.24,0.37,0.28,0.13,0.26,0.07,0.09,0.11,0.17,0.03,0.4,0.13,0.26,0.07,0.09,0.11,0.17,0.03,0.4,0.34,0.21,0.44,0.12,0.26,0.64,0.18,0.76,0.005980692117470726,0.029421091067168222,0.05310872500482222,-0.0312603648424544,0.11780355432584867,-74.31349206349206,-0.01358755204909051,-0.05699755630407503,0.02554766672734996,-50.31152647975078
11,France,FR,0.29849358197753173,0.2080538470600046,0.11440954546747029,0.11729853525796194,0.16953423816643393,0.08299738005770385,0.009212872012893602,0.275384510399258,0.0847668175049108,0.24970975725015399,0.20874304474554026,0.06256427339732637,0.09660342930934893,0.022228167393461645,1.9999999999999998,40951.51,41576.11,48198.44,49768.9,0.18600000000000003,0.11900000000000001,0.322,0.193,0.12300000000000001,0.057,0.18,0.11800000000000001,0.31,0.192,0.139,0.061,0.265,0.43700000000000006,0.298,0.11900000000000001,0.5870000000000001,0.294,0.138,0.419,0.44299999999999995,0.233,0.435,0.332,0.14,0.424,0.43700000000000006,0.16899999999999998,0.418,0.413,0.257,0.48,0.263,0.309,0.451,0.24,0.365,0.42100000000000004,0.215,0.23399999999999999,0.428,0.33799999999999997,0.115,0.56,0.325,0.125,0.39299999999999996,0.48200000000000004,0.195,0.425,0.38,0.127,0.39799999999999996,0.475,0.14400000000000002,0.397,0.45899999999999996,0.19899999999999998,0.455,0.34600000000000003,0.25,0.45299999999999996,0.297,0.305,0.45,0.245,338752.0,116522.0,222230.0,0.0,340383.0,110090.0,230293.0,0.0,387158.0,108645.0,278513.0,0.0,385591.0,104311.0,281280.0,0.0,0.3,0.003,0.009000000000000001,0.008,0.011000000000000001,0.002,0.003,0.009000000000000001,0.008,0.011000000000000001,0.003,0.003,0.01,0.01,0.013000000000000001,0.002,0.003,0.011000000000000001,0.011000000000000001,0.013000000000000001,0.85,0.15,0.85,0.15,0.63,0.36,0.64,0.35,0.3,0.35,0.19,0.29,0.31,0.16,0.08,0.15,0.08,0.07,0.05,0.19,0.05,0.21,0.08,0.15,0.08,0.07,0.05,0.19,0.05,0.21,0.38,0.27,0.36,0.24,0.25,0.64,0.32,0.56,0.015252184840070574,0.03258321223674457,-0.0040474431627397596,-0.039891389387454554,0.009934904295311171,,0.0048147317211411295,-0.055199876418187126,0.03628223012194573,
12,Croatia,HR,0.1491247100204215,0.3451588596354212,0.1736080980232215,0.09808938891685035,0.18365795137020774,0.006758838230444819,0.043602153803432894,0.1798624522093125,0.2306681664205357,0.1068090439627768,0.023543838935373394,0.2334811360635558,0.0024414453505457404,0.22319391705790012,2.0,22079.54,22327.13,28841.68,30551.85,0.14800000000000002,0.11699999999999999,0.337,0.214,0.14,0.045,0.14400000000000002,0.109,0.325,0.21600000000000003,0.152,0.053,0.21,0.605,0.185,0.038,0.862,0.1,0.048,0.633,0.319,0.17300000000000001,0.613,0.213,0.061,0.618,0.321,0.127,0.634,0.239,0.20600000000000002,0.638,0.156,0.254,0.594,0.152,0.302,0.55,0.14800000000000002,0.18100000000000002,0.599,0.22,0.027000000000000003,0.856,0.11699999999999999,0.044000000000000004,0.601,0.355,0.142,0.605,0.253,0.057999999999999996,0.61,0.331,0.084,0.612,0.305,0.171,0.649,0.18,0.21600000000000003,0.604,0.18,0.255,0.564,0.18100000000000002,10378.0,2562.0,7685.0,131.0,10638.0,3219.0,7306.0,113.0,26029.0,6040.0,19570.0,419.0,37726.0,7359.0,29861.0,506.0,0.0,0.0,0.001,0.001,0.002,0.0,0.0,0.002,0.002,0.002,0.001,0.001,0.002,0.002,0.002,0.001,0.001,0.001,0.001,0.002,0.67,0.33,0.75,0.25,0.55,0.44,0.64,0.36,0.25,0.37,0.17,0.31,0.34,0.22,0.03,0.05,0.03,0.05,0.06,0.05,0.06,0.14,0.03,0.05,0.03,0.05,0.06,0.05,0.06,0.14,0.41,0.2,0.43,0.13,0.39,0.5,0.4,0.51,0.011213548832991999,0.05929508960643063,0.449383380076069,0.2183774834437086,0.5258559018906489,-45.498806682577566,0.02505299672383889,0.25644028103044497,-0.049316851008458035,-57.80152671755725
13,Hungary,HU,0.0,0.5147637867413266,0.0,0.12286305671110023,0.20644037296081513,0.0,0.15593278358675797,0.03289261751541391,0.5256260794348818,0.09926680547207574,0.021753800388755032,0.2266581301147997,0.004164162272090489,0.0896384048019833,1.9999999999999998,24459.3,25615.22,32253.94,34343.64,0.14400000000000002,0.11900000000000001,0.35600000000000004,0.205,0.134,0.042,0.145,0.107,0.358,0.196,0.149,0.044000000000000004,0.22,0.5770000000000001,0.20199999999999999,0.147,0.759,0.094,0.13,0.5489999999999999,0.321,0.16899999999999998,0.597,0.23399999999999999,0.11800000000000001,0.541,0.341,0.14400000000000002,0.611,0.245,0.174,0.623,0.203,0.203,0.612,0.185,0.228,0.603,0.16899999999999998,0.2,0.5760000000000001,0.225,0.134,0.7879999999999999,0.077,0.127,0.568,0.306,0.15,0.59,0.26,0.12,0.546,0.33399999999999996,0.13699999999999998,0.56,0.303,0.147,0.62,0.233,0.16899999999999998,0.618,0.213,0.193,0.615,0.192,38968.0,20960.0,17750.0,258.0,54581.0,25122.0,29284.0,175.0,82937.0,32557.0,50301.0,79.0,88581.0,32788.0,55709.0,84.0,0.1,0.001,0.001,0.001,0.002,0.001,0.001,0.0,0.0,0.002,0.002,0.002,0.002,0.002,0.004,0.002,0.002,0.003,0.003,0.005,0.62,0.38,0.76,0.24,0.59,0.4,0.84,0.15,0.16,0.34,0.33,0.16,0.3,0.38,0.04,0.09,0.04,0.09,0.06,0.07,0.08,0.22,0.04,0.09,0.04,0.09,0.06,0.07,0.08,0.22,0.33,0.21,0.52,0.11,0.3,0.63,0.37,0.58,0.04725891583160605,0.06478898391948397,0.06805165366482993,0.0070952483336916795,0.10751277310590247,-635.6582278481013,0.40066208170806816,0.19856870229007634,0.6498028169014084,-68.12015503875969
14,Ireland,IE,0.15352504470220063,0.22282884942994882,0.1558703255865617,0.051957177646122774,0.07495722956225045,0.3025569296560617,0.03830444341685391,0.018711527929330285,0.3053927793931239,0.16549732032660253,0.11367977292054901,0.04355415335967815,0.2667408818696987,0.08642356420101754,2.0,47761.22,50992.45,85759.36,90405.34,0.215,0.122,0.371,0.166,0.096,0.03,0.205,0.126,0.35600000000000004,0.172,0.10800000000000001,0.033,0.24,0.381,0.38,0.066,0.627,0.307,0.091,0.376,0.534,0.19699999999999998,0.37,0.433,0.094,0.36,0.546,0.133,0.355,0.512,0.242,0.397,0.36200000000000004,0.305,0.377,0.318,0.38299999999999995,0.35200000000000004,0.265,0.21,0.38299999999999995,0.40700000000000003,0.059000000000000004,0.6679999999999999,0.273,0.07400000000000001,0.371,0.5539999999999999,0.163,0.364,0.473,0.084,0.361,0.5539999999999999,0.102,0.354,0.544,0.19,0.371,0.44,0.248,0.365,0.386,0.319,0.359,0.322,65539.0,22315.0,43224.0,0.0,73519.0,23173.0,50346.0,0.0,97712.0,31319.0,66393.0,0.0,85630.0,27691.0,57939.0,0.0,1.9,0.024,0.019,0.013000000000000001,0.037000000000000005,0.017,0.022000000000000002,0.019,0.013999999999999999,0.036000000000000004,0.023,0.027999999999999997,0.032,0.027000000000000003,0.054000000000000006,0.022000000000000002,0.027000000000000003,0.035,0.03,0.055999999999999994,0.9,0.1,0.93,0.07,0.74,0.25,0.85,0.14,0.22,0.48,0.14,0.24,0.49,0.1,0.04,0.14,0.04,0.04,0.04,0.17,0.07,0.33,0.04,0.14,0.04,0.04,0.04,0.17,0.07,0.33,0.41,0.17,0.63,0.1,0.24,0.65,0.3,0.62,0.06765384133822369,0.0541746113776968,-0.12364909120681186,-0.11584022478367764,-0.12733270073652342,,0.12175956300828514,0.03844947344835312,0.16476957245974458,
15,Italy,IT,0.3097417434414326,0.2169394656384484,0.013818947829833363,0.009111547105010305,0.40814854333356676,0.04038255659442311,0.0018571960572854888,0.4118774784634195,0.10039459773567029,0.0311175081948998,0.031458312082871795,0.22737133869171033,0.026340055971288842,0.17144070886013943,2.0,36288.53,36460.73,43610.31,44702.85,0.139,0.098,0.35,0.19899999999999998,0.15,0.064,0.132,0.098,0.32299999999999995,0.21899999999999997,0.157,0.07200000000000001,0.423,0.42700000000000005,0.15,0.201,0.72,0.079,0.262,0.49700000000000005,0.242,0.40700000000000003,0.424,0.16899999999999998,0.28600000000000003,0.475,0.239,0.353,0.45299999999999996,0.19399999999999998,0.46,0.41200000000000003,0.129,0.495,0.379,0.126,0.539,0.33799999999999997,0.12300000000000001,0.39799999999999996,0.428,0.174,0.18,0.7190000000000001,0.10099999999999999,0.23800000000000002,0.484,0.27699999999999997,0.37799999999999995,0.425,0.196,0.267,0.457,0.276,0.317,0.446,0.23800000000000002,0.423,0.41200000000000003,0.165,0.457,0.395,0.14800000000000002,0.49700000000000005,0.375,0.128,307454.0,88473.0,218981.0,0.0,277631.0,75497.0,202134.0,0.0,332324.0,65794.0,266530.0,0.0,332778.0,69705.0,263073.0,0.0,0.3,0.003,0.009000000000000001,0.009000000000000001,0.012,0.003,0.003,0.006999999999999999,0.006999999999999999,0.01,0.002,0.002,0.006999999999999999,0.006999999999999999,0.008,0.002,0.002,0.006999999999999999,0.006999999999999999,0.008,0.66,0.34,0.7,0.29,0.47,0.5,0.57,0.41,0.26,0.28,0.17,0.22,0.25,0.23,0.04,0.09,0.02,0.02,0.01,0.08,0.06,0.15,0.04,0.09,0.02,0.02,0.01,0.08,0.06,0.15,0.3,0.29,0.38,0.2,0.42,0.4,0.44,0.46,0.0047453010634490944,0.02505233280845747,0.0013661366618119666,0.059443110314010394,-0.012970397328630923,,-0.09699987640427511,-0.14666621455133205,-0.07693361524515825,
16,Lithuania,LT,0.2429922797302057,0.17427462414706008,0.30844981912036296,0.10168328626704459,0.17259999073532664,0.0,0.0,0.12238462674034131,0.2625024405652905,0.22624952974473672,0.14822128426910824,0.1823963414537356,0.0,0.05824577722678764,1.9999999999999998,26721.62,28184.35,36363.0,38809.06,0.146,0.133,0.331,0.20600000000000002,0.135,0.05,0.151,0.105,0.327,0.21899999999999997,0.14,0.057999999999999996,0.142,0.5429999999999999,0.314,0.086,0.732,0.182,0.092,0.38299999999999995,0.526,0.067,0.5660000000000001,0.36700000000000005,0.095,0.371,0.5329999999999999,0.091,0.5329999999999999,0.376,0.03,0.6679999999999999,0.302,0.045,0.665,0.29,0.063,0.6609999999999999,0.276,0.111,0.51,0.379,0.075,0.736,0.18899999999999997,0.059000000000000004,0.39,0.552,0.05,0.518,0.431,0.057999999999999996,0.364,0.578,0.07400000000000001,0.389,0.537,0.038,0.602,0.36,0.036000000000000004,0.632,0.332,0.035,0.6609999999999999,0.304,22011.0,7050.0,14925.0,36.0,24294.0,7163.0,17060.0,71.0,28914.0,6090.0,22801.0,23.0,40067.0,7331.0,32709.0,27.0,,,0.001,0.001,0.001,,,0.001,0.001,0.001,,,0.002,0.002,0.003,,,0.003,0.003,0.003,0.72,0.28,0.8,0.2,0.71,0.29,0.8,0.19,0.16,0.34,0.15,0.21,0.31,0.16,0.03,0.04,0.02,0.11,0.05,0.04,0.03,0.22,0.03,0.04,0.02,0.11,0.05,0.04,0.03,0.22,0.48,0.08,0.53,0.05,0.23,0.69,0.19,0.73,0.054739570430235876,0.06726782718697571,0.3857300961471951,0.20377668308702793,0.43454234463400726,-990.1739130434783,0.10372086683930762,0.01602836879432624,0.14304857621440537,-412.6111111111111
17,Luxembourg,LU,0.07530014139350204,0.37657575297583007,0.14775109285749616,0.19241284855886082,0.11726279918199851,0.07253026145005943,0.018167103582252982,0.10574291492972927,0.21099554116312425,0.21437972899391963,0.2872190904865657,0.12189453930002718,0.059768185126633996,0.0,2.0,102112.96,106567.99,119506.21,123205.42,0.168,0.12,0.384,0.187,0.10099999999999999,0.039,0.161,0.11599999999999999,0.382,0.198,0.10400000000000001,0.04,0.249,0.355,0.396,0.263,0.5820000000000001,0.155,0.131,0.33899999999999997,0.529,0.18,0.36,0.45899999999999996,0.149,0.324,0.527,0.136,0.306,0.5579999999999999,0.207,0.396,0.397,0.23199999999999998,0.40399999999999997,0.364,0.26899999999999996,0.414,0.317,0.267,0.32299999999999995,0.41,0.225,0.556,0.21899999999999997,0.12300000000000001,0.316,0.561,0.207,0.32299999999999995,0.47,0.132,0.307,0.562,0.149,0.292,0.5579999999999999,0.247,0.33399999999999996,0.42,0.28600000000000003,0.344,0.37,0.335,0.35700000000000004,0.308,21098.0,18672.0,2426.0,0.0,22332.0,19965.0,2367.0,0.0,24644.0,22869.0,1775.0,0.0,26668.0,24359.0,2309.0,0.0,7.6,0.079,0.027999999999999997,0.026000000000000002,0.10400000000000001,0.085,0.087,0.022000000000000002,0.02,0.107,0.10300000000000001,0.106,0.039,0.037000000000000005,0.14300000000000002,0.10400000000000001,0.106,0.046,0.043,0.15,0.96,0.04,0.95,0.04,0.85,0.14,0.93,0.04,0.27,0.37,0.15,0.26,0.38,0.06,0.08,0.2,0.07,0.06,0.06,0.15,0.05,0.33,0.08,0.2,0.07,0.06,0.06,0.15,0.05,0.33,0.42,0.25,0.57,0.12,0.2,0.71,0.25,0.66,0.043628448337997436,0.030954123639265203,0.08212952442785262,0.06515370151733788,0.3008450704225352,,0.058488956299175276,0.06924807197943444,-0.024319868095630668,
18,Latvia,LV,0.23011983065629768,0.4906197761465223,0.021397358092884657,0.06428292390435351,0.1347413511156334,0.015483047459844466,0.043355712624463985,0.17811503634740466,0.367153424308124,0.183494877354079,0.09193342685881903,0.17754112995791352,0.0017621051736598223,0.0,2.0,22514.03,23724.25,30668.56,32232.87,0.147,0.113,0.344,0.20600000000000002,0.14300000000000002,0.048,0.159,0.092,0.33799999999999997,0.209,0.147,0.055999999999999994,0.161,0.57,0.26899999999999996,0.133,0.7,0.16699999999999998,0.14,0.465,0.39399999999999996,0.105,0.593,0.302,0.15,0.451,0.39899999999999997,0.125,0.561,0.314,0.053,0.68,0.267,0.077,0.674,0.249,0.10300000000000001,0.667,0.23,0.149,0.5379999999999999,0.314,0.129,0.764,0.10800000000000001,0.098,0.46299999999999997,0.43799999999999994,0.08800000000000001,0.5539999999999999,0.35700000000000004,0.09699999999999999,0.446,0.457,0.132,0.478,0.39,0.067,0.606,0.327,0.063,0.635,0.302,0.059000000000000004,0.6629999999999999,0.278,8299.0,2784.0,5515.0,0.0,10365.0,3178.0,7187.0,0.0,10909.0,2294.0,8615.0,0.0,11223.0,2531.0,8692.0,0.0,,,0.003,0.003,0.004,,,0.003,0.003,0.004,,,0.004,0.004,0.005,,,0.003,0.003,0.004,0.7,0.3,0.8,0.2,0.62,0.37,0.76,0.22,0.1,0.4,0.28,0.1,0.37,0.24,0.01,0.04,0.04,0.08,0.05,0.06,0.01,0.12,0.01,0.04,0.04,0.08,0.05,0.06,0.01,0.12,0.34,0.12,0.44,0.09,0.28,0.57,0.24,0.6,0.05375403692719612,0.0510069595703221,0.028783573196443302,0.1033129904097646,0.00893789901334881,,0.24894565610314495,0.14152298850574713,0.3031731640979148,
19,Malta,MT,0.03087539854914215,0.40017708883427106,0.0008020615363846084,0.029453923152975372,0.5338950411155803,0.0,0.0047964868116465685,0.03917959202496425,0.37896407544617466,0.0,0.027446851029160835,0.5428919496410619,0.0,0.011517531858638342,1.9999999999999998,32560.23,34754.61,47205.99,49026.31,0.14400000000000002,0.129,0.342,0.20800000000000002,0.139,0.038,0.13699999999999998,0.11,0.385,0.182,0.145,0.042,0.508,0.298,0.19399999999999998,0.20199999999999999,0.589,0.209,0.373,0.314,0.313,0.5539999999999999,0.23399999999999999,0.212,0.45,0.264,0.28600000000000003,0.48200000000000004,0.248,0.27,0.639,0.21100000000000002,0.15,0.6940000000000001,0.182,0.124,0.745,0.155,0.1,0.38799999999999996,0.342,0.27,0.17800000000000002,0.595,0.22699999999999998,0.245,0.34700000000000003,0.408,0.42200000000000004,0.28300000000000003,0.295,0.26,0.35100000000000003,0.389,0.36700000000000005,0.294,0.33899999999999997,0.496,0.268,0.23600000000000002,0.588,0.22899999999999998,0.183,0.677,0.191,0.132,10897.0,3786.0,7111.0,0.0,14454.0,5346.0,9108.0,0.0,26444.0,9713.0,16731.0,0.0,28341.0,8271.0,20070.0,0.0,0.3,0.006,0.013000000000000001,0.01,0.016,0.003,0.009000000000000001,0.021,0.015,0.024,0.022000000000000002,0.027000000000000003,0.036000000000000004,0.031,0.057999999999999996,0.027999999999999997,0.037000000000000005,0.055999999999999994,0.047,0.084,0.91,0.09,0.94,0.06,0.87,0.12,0.81,0.15,0.16,0.34,0.12,0.29,0.23,0.12,0.13,0.33,0.05,0.05,0.05,0.26,0.01,0.22,0.13,0.33,0.05,0.05,0.05,0.26,0.01,0.22,0.43,0.09,0.47,0.07,0.22,0.66,0.16,0.69,0.0673944870782547,0.03856120801618608,0.07173649977310544,-0.14846082569751878,0.19956966110812266,,0.32642011562815454,0.4120443740095087,0.28083251300801576,
20,Netherlands,NL,0.0838115877457483,0.18871622505703922,0.27627685618878245,0.08050345979780998,0.09398125183802417,0.13848720566896086,0.13822341370363497,0.18058216967365023,0.19509284873821645,0.21732132395190595,0.13196611088809312,0.1901254189620491,0.08491212778608512,0.0,2.0,49314.47,49337.71,57839.93,59674.84,0.16899999999999998,0.122,0.331,0.204,0.131,0.043,0.159,0.12300000000000001,0.318,0.209,0.146,0.046,0.28800000000000003,0.414,0.297,0.21,0.612,0.17800000000000002,0.14800000000000002,0.409,0.44299999999999995,0.24100000000000002,0.415,0.344,0.152,0.401,0.44799999999999995,0.198,0.426,0.376,0.259,0.44,0.301,0.301,0.41200000000000003,0.28600000000000003,0.35100000000000003,0.38,0.26899999999999996,0.255,0.397,0.348,0.17800000000000002,0.612,0.21,0.124,0.385,0.491,0.204,0.392,0.40399999999999997,0.13,0.35600000000000004,0.514,0.157,0.376,0.467,0.218,0.42,0.36200000000000004,0.262,0.401,0.337,0.309,0.381,0.31,129428.0,63758.0,64353.0,1317.0,145323.0,69595.0,74455.0,1273.0,194306.0,89278.0,103724.0,1304.0,215756.0,98761.0,115765.0,1230.0,0.3,0.003,0.005,0.005,0.009000000000000001,0.003,0.003,0.005,0.005,0.008,0.004,0.004,0.009000000000000001,0.009000000000000001,0.013000000000000001,0.003,0.004,0.011000000000000001,0.011000000000000001,0.013999999999999999,0.95,0.05,0.95,0.05,0.65,0.35,0.77,0.23,0.39,0.33,0.25,0.4,0.34,0.23,0.12,0.34,0.04,0.04,0.05,0.15,0.04,0.33,0.12,0.34,0.04,0.04,0.05,0.15,0.04,0.33,0.35,0.25,0.5,0.17,0.19,0.76,0.09,0.87,0.000471261274834708,0.03172393189272525,0.1103928854487252,0.10621877730235893,0.11608692298792951,-78.59969325153374,0.12280959297833545,0.09154929577464789,0.1569779186673504,-47.89673500379651
21,Poland,PL,0.4031846732824244,0.3892873384694925,0.0,0.0031800053327788375,0.1301506403931828,0.0,0.07419734252212148,0.49986902181682535,0.3395793467698841,0.0,0.0,0.14802491461171693,0.01236470686423135,0.0001620099373422354,2.0,24553.09,25471.41,32532.2,34688.97,0.15,0.124,0.364,0.213,0.11,0.039,0.154,0.10300000000000001,0.37,0.19699999999999998,0.133,0.044000000000000004,0.155,0.607,0.23800000000000002,0.096,0.752,0.153,0.057999999999999996,0.516,0.426,0.095,0.635,0.27,0.055999999999999994,0.523,0.42100000000000004,0.07,0.611,0.319,0.092,0.726,0.182,0.128,0.715,0.157,0.158,0.705,0.136,0.133,0.585,0.282,0.092,0.78,0.128,0.06,0.506,0.435,0.07400000000000001,0.606,0.32,0.049,0.484,0.466,0.054000000000000006,0.529,0.41700000000000004,0.079,0.674,0.248,0.09300000000000001,0.705,0.20199999999999999,0.106,0.7340000000000001,0.16,220311.0,131023.0,89269.0,19.0,222275.0,119611.0,102644.0,20.0,214083.0,100768.0,113315.0,0.0,226649.0,97020.0,129629.0,0.0,,0.0,0.001,0.0,0.001,0.0,0.0,0.001,0.001,0.001,0.002,0.002,0.006999999999999999,0.006999999999999999,0.009000000000000001,0.002,0.002,0.006999999999999999,0.006999999999999999,0.009000000000000001,0.79,0.19,0.86,0.11,0.77,0.19,0.84,0.15,0.13,0.3,0.29,0.14,0.27,0.34,0.02,0.07,0.04,0.11,0.04,0.11,0.08,0.17,0.02,0.07,0.04,0.11,0.04,0.11,0.08,0.17,0.52,0.1,0.54,0.07,0.34,0.52,0.47,0.45,0.03740140243040691,0.06629646934421897,0.05869686056342634,-0.037194347411876785,0.14397034814455278,,0.008914670624707799,-0.08709921158880501,0.14982804781055015,-4697.315789473684
22,Portugal,PT,0.014693637010601255,0.2994788823364593,0.07721328662589631,0.04207023742654826,0.3475403614608395,0.20967043895431817,0.009333156185337144,0.021281294851636996,0.3021178660827354,0.045844604941828265,0.07420212601834227,0.361527051373201,0.1906397769853594,0.004387279746896701,1.9999999999999998,27936.01,28742.32,34897.55,36465.95,0.146,0.107,0.349,0.2,0.14300000000000002,0.055,0.13699999999999998,0.106,0.32899999999999996,0.209,0.154,0.064,0.563,0.24,0.19699999999999998,0.27899999999999997,0.5379999999999999,0.183,0.353,0.332,0.314,0.5670000000000001,0.21600000000000003,0.217,0.374,0.313,0.313,0.47700000000000004,0.259,0.264,0.6579999999999999,0.17600000000000002,0.166,0.711,0.14,0.149,0.7709999999999999,0.1,0.128,0.47600000000000003,0.287,0.23800000000000002,0.171,0.608,0.22,0.248,0.379,0.374,0.478,0.259,0.263,0.292,0.34600000000000003,0.36200000000000004,0.369,0.297,0.33399999999999996,0.551,0.23199999999999998,0.217,0.62,0.195,0.185,0.695,0.154,0.151,17554.0,9115.0,8439.0,0.0,19516.0,9176.0,10332.0,8.0,43170.0,12841.0,30319.0,10.0,72725.0,16145.0,56577.0,3.0,0.1,0.001,0.005,0.005,0.006,0.001,0.001,0.005,0.005,0.006,0.001,0.001,0.006999999999999999,0.006999999999999999,0.008,0.001,0.001,0.013999999999999999,0.013999999999999999,0.015,0.5,0.5,0.75,0.25,0.69,0.3,0.84,0.16,0.24,0.34,0.13,0.24,0.25,0.16,0.0,0.03,0.0,0.01,0.02,0.07,0.01,0.12,0.0,0.03,0.0,0.01,0.02,0.07,0.01,0.12,0.3,0.31,0.6,0.05,0.31,0.58,0.21,0.71,0.028862747400219334,0.044942983103398206,0.6846189483437572,0.25730083326843706,0.8660575876513078,-3031.6,0.11176939728836732,0.006692265496434448,0.22431567721293993,
23,Romania,RO,0.038782269155982735,0.43517623633460617,0.06818900387596342,0.0034397917873264477,0.37603348246043916,0.04089558180409786,0.03748363458158423,0.005709814371219192,0.3801561927014665,0.2647236075856836,0.0,0.29835888730782145,0.004458191130983607,0.046593306902825656,2.0,19746.06,20611.97,29281.84,31244.36,0.155,0.114,0.368,0.198,0.126,0.04,0.157,0.106,0.35600000000000004,0.19699999999999998,0.139,0.047,0.312,0.546,0.142,0.203,0.687,0.109,0.245,0.5,0.254,0.272,0.569,0.159,0.248,0.502,0.25,0.23199999999999998,0.596,0.171,0.228,0.653,0.12,0.31,0.588,0.102,0.387,0.528,0.085,0.251,0.589,0.16,0.166,0.762,0.07200000000000001,0.22,0.524,0.255,0.21,0.606,0.184,0.233,0.509,0.258,0.205,0.5539999999999999,0.24100000000000002,0.165,0.691,0.14400000000000002,0.20800000000000002,0.672,0.121,0.258,0.648,0.094,153646.0,121173.0,28036.0,4437.0,136035.0,97620.0,33114.0,5301.0,172578.0,95342.0,75464.0,1772.0,202422.0,97955.0,101919.0,2548.0,,,,,,,,,,,,,,,,,,,,,0.55,0.45,0.6,0.4,0.61,0.38,0.73,0.24,0.21,0.31,0.16,0.2,0.25,0.29,0.02,0.08,0.05,0.04,0.04,0.12,0.08,0.15,0.02,0.08,0.05,0.04,0.04,0.12,0.08,0.15,0.55,0.09,0.6,0.1,0.3,0.58,0.39,0.53,0.043852292558616744,0.06702174453517949,0.1729305009908563,0.027406599400054542,0.35056450757977314,-41.1489841986456,-0.11462062142847845,-0.19437498452625585,0.18112426879726065,-5.123957629028623
24,Sweden,SE,0.10007059787236336,0.19618178682676038,0.16426535099537612,0.17777204432037422,0.2972329406438957,0.06433150281852575,0.0001457765227044913,0.16038582956449365,0.2547179686787631,0.14920146391253158,0.12340042731592336,0.24263542817754458,0.06876737552586008,0.0008915068248836209,2.0,46098.79,46936.61,54123.64,55656.2,0.171,0.126,0.32799999999999996,0.18100000000000002,0.14300000000000002,0.052000000000000005,0.17800000000000002,0.113,0.32899999999999996,0.18100000000000002,0.14800000000000002,0.051,0.221,0.45,0.32799999999999996,0.131,0.7090000000000001,0.161,0.127,0.41200000000000003,0.46,0.163,0.45,0.387,0.136,0.365,0.499,0.126,0.413,0.461,0.151,0.526,0.32299999999999995,0.2,0.488,0.311,0.256,0.445,0.299,0.20800000000000002,0.415,0.37799999999999995,0.154,0.655,0.191,0.114,0.402,0.484,0.139,0.42100000000000004,0.44,0.11699999999999999,0.358,0.525,0.142,0.32899999999999996,0.529,0.124,0.465,0.41100000000000003,0.152,0.479,0.369,0.183,0.496,0.321,115845.0,31892.0,80707.0,3246.0,126966.0,32830.0,89929.0,4207.0,132602.0,33610.0,95900.0,3092.0,115805.0,30684.0,83430.0,1691.0,0.7,0.008,0.025,0.024,0.032,0.006999999999999999,0.008,0.026000000000000002,0.026000000000000002,0.033,0.008,0.008,0.043,0.042,0.05,0.009000000000000001,0.009000000000000001,0.047,0.046,0.055,0.98,0.02,0.97,0.03,0.77,0.23,0.83,0.17,0.48,0.26,0.24,0.4,0.26,0.32,0.31,0.36,0.25,0.09,0.25,0.26,0.09,0.48,0.31,0.36,0.25,0.09,0.25,0.26,0.09,0.48,0.42,0.29,0.5,0.17,0.35,0.57,0.21,0.74,0.01817444666118134,0.028315907799253665,-0.12667229755207313,-0.08705742338589706,-0.1300312825860271,-30.46862871927555,0.09599896413310889,0.029411764705882353,0.11426518145885735,-23.567467652495377
25,Slovenia,SI,0.04031626255064404,0.41386471543583103,0.10214613836859658,0.13712254800769016,0.1470710396919947,0.05467939741985868,0.10479989852538482,0.057109370948503865,0.37370741067261315,0.267493647254058,0.022208162630296117,0.18656018254420992,0.06427008245604937,0.028651143494269563,1.9999999999999996,29990.24,30883.37,39198.63,40919.23,0.146,0.10099999999999999,0.363,0.215,0.128,0.047,0.151,0.094,0.341,0.21600000000000003,0.145,0.053,0.184,0.565,0.251,0.098,0.8059999999999999,0.095,0.061,0.5579999999999999,0.38,0.14300000000000002,0.5710000000000001,0.28600000000000003,0.062,0.528,0.41,0.09300000000000001,0.56,0.34700000000000003,0.159,0.598,0.243,0.205,0.583,0.212,0.254,0.5660000000000001,0.179,0.158,0.5489999999999999,0.293,0.076,0.8170000000000001,0.107,0.049,0.511,0.441,0.11199999999999999,0.555,0.33299999999999996,0.055,0.496,0.449,0.069,0.531,0.4,0.136,0.5760000000000001,0.28800000000000003,0.16,0.586,0.253,0.18600000000000003,0.597,0.217,13871.0,4472.0,9399.0,0.0,13846.0,4619.0,9227.0,0.0,28455.0,5666.0,22789.0,0.0,31319.0,5038.0,26281.0,0.0,0.2,0.002,0.006999999999999999,0.006999999999999999,0.01,0.001,0.001,0.008,0.008,0.009000000000000001,0.001,0.001,0.012,0.012,0.013000000000000001,0.001,0.001,0.013000000000000001,0.013000000000000001,0.015,0.84,0.16,0.92,0.08,0.69,0.3,0.77,0.23,0.22,0.29,0.11,0.22,0.29,0.18,0.04,0.06,0.04,0.03,0.05,0.11,0.05,0.17,0.04,0.06,0.04,0.03,0.05,0.11,0.05,0.17,0.4,0.2,0.44,0.15,0.51,0.43,0.48,0.48,0.02978068865070761,0.043894391207039786,0.10065014935863645,-0.1108365690081186,0.1532318223704419,,-0.0018023213899502559,0.03287119856887299,-0.01829981912969465,
26,Slovakia,SK,0.2380399397069185,0.3334171728253017,0.06667201812360082,0.004678957179425432,0.24097432192581097,0.023282405301510004,0.09293518493743257,0.2292610177745313,0.3286193287882477,0.10056762843925006,0.007958972485999513,0.160409057706355,0.006754727700673647,0.1664292671049428,2.0,28015.76,29011.39,32792.64,34203.01,0.153,0.126,0.382,0.203,0.105,0.03,0.157,0.10400000000000001,0.381,0.19699999999999998,0.127,0.033,0.152,0.667,0.18100000000000002,0.091,0.775,0.135,0.07400000000000001,0.628,0.298,0.09,0.706,0.204,0.071,0.66,0.26899999999999996,0.057999999999999996,0.735,0.207,0.083,0.764,0.153,0.11900000000000001,0.735,0.146,0.155,0.706,0.139,0.145,0.623,0.231,0.10099999999999999,0.741,0.158,0.091,0.517,0.392,0.086,0.6559999999999999,0.258,0.095,0.505,0.401,0.075,0.6579999999999999,0.267,0.066,0.737,0.19699999999999998,0.09,0.731,0.179,0.115,0.7240000000000001,0.161,5149.0,3470.0,1679.0,0.0,5357.0,3575.0,1782.0,0.0,7253.0,4696.0,2557.0,0.0,7016.0,4239.0,2777.0,0.0,,,,,0.001,0.001,0.001,0.001,0.001,0.001,,0.001,0.001,0.001,0.001,0.001,0.001,0.001,0.001,0.002,0.72,0.28,0.82,0.17,0.73,0.26,0.8,0.18,0.28,0.32,0.21,0.23,0.33,0.23,0.05,0.07,0.06,0.08,0.03,0.11,0.06,0.14,0.05,0.07,0.06,0.08,0.03,0.11,0.06,0.14,0.3,0.26,0.36,0.15,0.31,0.6,0.35,0.52,0.035538211349611826,0.04300873610663864,-0.03267613401351165,-0.0973168654173765,0.08603832616347282,,0.040396193435618566,0.03025936599423631,0.06134603930911257,
27,United Kingdom,UK,0.5434387828586534,0.0017024664310739321,0.06984852582353639,0.10909179304707703,0.2493012740846979,0.014690594623502348,0.011926563131458923,0.4416073660770996,0.03324615881653195,0.20387872046653902,0.16542203208153222,0.14172532288998782,0.009008821499871833,0.005111578168437492,2.0,40232.72,41584.05,48163.69,49575.6,0.17600000000000002,0.127,0.33899999999999997,0.182,0.128,0.047,0.179,0.11800000000000001,0.32799999999999996,0.191,0.134,0.05,0.209,0.425,0.366,0.16,0.5579999999999999,0.282,0.15,0.39299999999999996,0.45799999999999996,0.20800000000000002,0.386,0.406,0.142,0.381,0.47700000000000004,0.17600000000000002,0.366,0.45799999999999996,0.23800000000000002,0.39399999999999996,0.36700000000000005,0.256,0.39299999999999996,0.35100000000000003,0.27699999999999997,0.391,0.331,0.191,0.402,0.406,0.141,0.5539999999999999,0.305,0.139,0.36700000000000005,0.494,0.18899999999999997,0.364,0.447,0.14,0.36,0.5,0.145,0.34600000000000003,0.509,0.21899999999999997,0.364,0.41700000000000004,0.237,0.371,0.392,0.256,0.37799999999999995,0.365,526046.0,219669.0,306377.0,0.0,631991.0,286821.0,345170.0,0.0,603953.0,225498.0,378455.0,0.0,680906.0,207968.0,472938.0,0.0,1.4,0.013999999999999999,0.018000000000000002,0.018000000000000002,0.031,0.015,0.015,0.018000000000000002,0.018000000000000002,0.034,0.017,0.017,0.018000000000000002,0.018000000000000002,0.035,0.015,0.015,0.019,0.019,0.034,0.94,0.06,0.9,0.1,0.52,0.46,0.58,0.4,0.23,0.49,0.15,0.29,0.4,0.14,0.07,0.15,0.03,0.06,0.05,0.13,0.03,0.19,0.07,0.15,0.03,0.06,0.05,0.13,0.03,0.19,0.23,0.36,0.38,0.31,0.45,0.36,0.42,0.45,0.03358783597032469,0.029314822016336294,0.1274155439247756,-0.07773904868335861,0.24965451638900266,,0.2013987369925824,0.30569629761140626,0.1266185124862506,
