,COUNTRY:,CODE:,ECR/EFDD 2014,EPP 2014,ALDE 2014,Greens/EFA 2014,S&D 2014,GUE/NGL 2014,NI/Unknown 2014,2013 GDP (PPP) International Dollars,2014 GDP (PPP) International Dollars,2014: Age 0-14,2014: Age 15-24,2014: Age 25-49,2014: Age 50-64,2014: Age 65-79,2014: Age 80+,2014: Age 15-64 Education Levels 0-2,2014: Age 15-64 Education Levels 3-4,2014: Age 15-64 Education Levels 5-8,2014: Age 20-24 Education Levels 0-2,2014: Age 20-24 Education Levels 3-4,2014: Age 20-24 Education Levels 5-8,2014: Age 25-34 Education Levels 0-2,2014: Age 25-34 Education Levels 3-4,2014: Age 25-34 Education Levels 5-8,2014: Age 25-64 Education Levels 0-2,2014: Age 25-64 Education Levels 3-4,2014: Age 25-64 Education Levels 5-8,2014: Age 30-34 Education Levels 0-2,2014: Age 30-34 Education Levels 3-4,2014: Age 30-34 Education Levels 5-8,2014: Age 35-44 Education Levels 0-2,2014: Age 35-44 Education Levels 3-4,2014: Age 35-44 Education Levels 5-8,2014: Age 45-54 Education Levels 0-2,2014: Age 45-54 Education Levels 3-4,2014: Age 45-54 Education Levels 5-8,2014: Age 45-64 Education Levels 0-2,2014: Age 45-64 Education Levels 3-4,2014: Age 45-64 Education Levels 5-8,2014: Age 55-64 Education Levels 0-2,2014: Age 55-64 Education Levels 3-4,2014: Age 55-64 Education Levels 5-8,2013: Total Immigration,2013: EU27 Immigration,2013: Non-EU27 Immigration,2013: Unknown Immigration,2014: Total Immigration,2014: EU27 Immigration,2014: Non-EU27 Immigration,2014: Unknown Immigration,2013: EU27 Immigration (Percent of Total Population),2013: EU28 Immigration (Percent of Total Population),2013: Non-EU27 Immigration (Percent of Total Population),2013: Non-EU28 Immigration (Percent of Total Population),2013: Foreign country Immigration (Percent of Total Population),2014: EU27 Immigration (Percent of Total Population),2014: EU28 Immigration (Percent of Total Population),2014: Non-EU27 Immigration (Percent of Total Population),2014: Non-EU28 Immigration (Percent of Total Population),2014: Foreign country Immigration (Percent of Total Population),2014: Satisfied with Life,2014: Not Satisfied with Life,2014: Yes Feel Like EU Citizen,2014: No Feel Like EU Citizen,2014: Left Political Views,2014: Center Political Views,2014: Right Political Views,"2014: Personal: The environment, climate and energy issues ",2014: EU: The environment,2014: EU: Energy supply,2014: EU: Climate change,"2014: Personal: The environment, climate and energy issues .1",2014: EU: The environment.1,2014: EU: Energy supply.1,2014: EU: Climate change.1,2014: Positive EU Opinion,2014: Negative EU Opinion,2014: Agree Country Better Off if Left EU,2014: Disagree Country Better Off if Left EU,GDP (PPP) Percent Change 2013-2014,Total Immigration Change 2013-2014,EU27 Immigration Change 2013-2014,Non-EU27 Immigration Change 2013-2014,Unknown Immigration Change 2013-2014
0,Austria,AT,0.172,0.3455,0.0844,0.1512,0.2389,0.0,0.008,56636.7,58679.93,0.14400000000000002,0.109,0.34,0.217,0.138,0.05,0.187,0.502,0.311,0.127,0.584,0.289,0.106,0.478,0.41600000000000004,0.14400000000000002,0.518,0.33799999999999997,0.114,0.462,0.424,0.122,0.493,0.385,0.151,0.5429999999999999,0.305,0.17300000000000001,0.5479999999999999,0.28,0.196,0.552,0.252,105633.0,65630.0,35432.0,4571.0,109167.0,68515.0,35860.0,4792.0,0.021,0.021,0.019,0.019,0.04,0.021,0.021,0.02,0.019,0.04,0.92,0.07,0.8,0.2,0.34,0.32,0.2,0.16,0.17,0.08,0.22,0.16,0.17,0.08,0.22,0.45,0.17,0.38,0.54,0.03607607787883128,0.03345545426145239,0.04395855553862563,0.012079476179724543,-6.703128418289214
1,Belgium,BE,0.2791096523744173,0.1270522954232945,0.19279764271688848,0.1542778934002876,0.16255770624481872,0.08411479411427869,9.001572601470822e-05,52665.78,54488.09,0.16899999999999998,0.114,0.327,0.201,0.133,0.055999999999999994,0.259,0.381,0.36,0.14400000000000002,0.578,0.278,0.14800000000000002,0.379,0.473,0.213,0.38,0.40700000000000003,0.149,0.375,0.475,0.163,0.371,0.466,0.212,0.405,0.38299999999999995,0.26899999999999996,0.385,0.34600000000000003,0.32799999999999996,0.364,0.308,137860.0,74187.0,63218.0,455.0,150006.0,79464.0,69995.0,547.0,0.012,0.012,0.013000000000000001,0.013000000000000001,0.026000000000000002,0.013000000000000001,0.013000000000000001,0.013999999999999999,0.013999999999999999,0.027000000000000003,0.91,0.09,0.81,0.19,0.32,0.39,0.25,0.18,0.16,0.07,0.28,0.18,0.16,0.07,0.28,0.38,0.19,0.37,0.6,0.03460140531479829,0.08810387349484984,0.07113106069796594,0.10720048087569996,-137.73846153846154
2,Bulgaria,BG,0.1456195622862716,0.37132545767237324,0.16553829496221392,0.004887194384050277,0.25331949029085227,0.0,0.05931000040423867,22889.87,24409.41,0.14400000000000002,0.08900000000000001,0.35,0.204,0.165,0.048,0.21899999999999997,0.535,0.247,0.156,0.782,0.063,0.17600000000000002,0.49700000000000005,0.327,0.175,0.5429999999999999,0.281,0.17800000000000002,0.49700000000000005,0.325,0.17600000000000002,0.523,0.301,0.163,0.575,0.262,0.175,0.575,0.25,0.188,0.5760000000000001,0.23600000000000002,29559.0,8614.0,20913.0,32.0,37929.0,10161.0,27755.0,13.0,,,0.001,0.001,0.001,,,,,0.001,0.48,0.49,0.52,0.46,0.24,0.23,0.29,0.05,0.06,0.06,0.1,0.05,0.06,0.06,0.1,0.59,0.11,0.29,0.52,0.06638482437864439,0.2831624885821577,0.17959136289760855,0.32716492134079284,-653.125
3,Cyprus,CY,0.08664993681812519,0.29024151494117856,0.03799099435812554,0.03286169398615338,0.2437254169113852,0.300443163009237,0.008087279975795112,41226.29,43592.17,0.161,0.128,0.371,0.179,0.125,0.037000000000000005,0.215,0.385,0.4,0.077,0.63,0.293,0.1,0.297,0.603,0.175,0.377,0.447,0.11900000000000001,0.293,0.588,0.151,0.37799999999999995,0.47100000000000003,0.172,0.449,0.379,0.24,0.43200000000000005,0.32799999999999996,0.312,0.413,0.275,,,,,,,,,0.02,0.025,0.044000000000000004,0.039,0.064,0.019,0.023,0.052000000000000005,0.048,0.071,0.86,0.14,0.73,0.27,0.17,0.18,0.21,0.07,0.06,0.01,0.14,0.07,0.06,0.01,0.14,0.47,0.14,0.3,0.65,0.057387652393654565,,,,
4,Czechia,CZ,0.267096485733508,0.19262263446609007,0.2357011344439453,0.14694750428659106,0.039507922548207015,0.06999259732617952,0.04813172119547909,41120.36,42963.05,0.159,0.091,0.36700000000000005,0.188,0.155,0.040999999999999995,0.12300000000000001,0.6609999999999999,0.21600000000000003,0.11699999999999999,0.78,0.10400000000000001,0.07,0.604,0.326,0.062,0.695,0.242,0.066,0.583,0.35100000000000003,0.051,0.6809999999999999,0.267,0.047,0.76,0.193,0.065,0.7490000000000001,0.18600000000000003,0.086,0.737,0.177,65910.0,17773.0,48137.0,0.0,105888.0,30138.0,75750.0,0.0,0.002,0.002,0.002,0.002,0.004,0.002,0.003,0.002,0.002,0.005,0.86,0.14,0.58,0.41,0.2,0.46,0.25,0.09,0.11,0.03,0.13,0.09,0.11,0.03,0.13,0.29,0.27,0.37,0.54,0.044812107676100166,0.606554392353209,0.6957182242727733,0.5736335874690986,
5,Germany,DE,0.12372510451337275,0.2886347578270481,0.07581638675880231,0.24393645417938378,0.16034059678065735,0.08828065885373512,0.019266041087000575,55076.88,56523.39,0.136,0.10400000000000001,0.316,0.228,0.151,0.065,0.195,0.545,0.26,0.225,0.6859999999999999,0.08800000000000001,0.132,0.535,0.33299999999999996,0.134,0.568,0.299,0.13,0.515,0.355,0.13699999999999998,0.537,0.326,0.131,0.591,0.278,0.133,0.594,0.273,0.134,0.596,0.26899999999999996,893886.0,395075.0,394542.0,104269.0,886341.0,371614.0,407487.0,107240.0,0.013999999999999999,0.013999999999999999,0.023,0.023,0.037000000000000005,0.013000000000000001,0.013000000000000001,0.023,0.023,0.036000000000000004,0.91,0.09,0.88,0.11,0.37,0.45,0.09,0.21,0.15,0.06,0.31,0.21,0.15,0.06,0.31,0.51,0.12,0.16,0.78,0.026263470261932088,-0.008440673642947759,-0.059383661330127194,0.032810195112307435,-2.755392302601924
6,Denmark,DK,0.10764538187037738,0.0618169494228584,0.35769368089297915,0.16595979129022728,0.21481556660281168,0.0920686299207461,0.0,57812.09,59832.96,0.165,0.126,0.317,0.196,0.15,0.045,0.26,0.406,0.33399999999999996,0.242,0.6609999999999999,0.09699999999999999,0.17600000000000002,0.353,0.47100000000000003,0.184,0.41200000000000003,0.40399999999999997,0.17,0.336,0.494,0.153,0.382,0.465,0.16399999999999998,0.46,0.376,0.20199999999999999,0.45399999999999996,0.344,0.245,0.44799999999999995,0.308,64669.0,29683.0,34459.0,527.0,61384.0,28223.0,32652.0,509.0,0.006999999999999999,0.008,0.015,0.015,0.022000000000000002,0.006999999999999999,0.006999999999999999,0.015,0.015,0.022000000000000002,0.98,0.02,0.82,0.18,0.39,0.31,0.26,0.28,0.27,0.03,0.49,0.28,0.27,0.03,0.49,0.54,0.13,0.15,0.8,0.034955837092206885,-0.05079713618580773,-0.04918640299161136,-0.0524391305609565,-64.42125237191651
7,Estonia,EE,0.12726435092621588,0.10294365620408065,0.4474803073735938,0.017536675258352806,0.2951334521716089,0.0006654541950714234,0.008976103871076531,36022.42,38028.51,0.16399999999999998,0.095,0.349,0.19399999999999998,0.141,0.055999999999999994,0.171,0.48200000000000004,0.34700000000000003,0.174,0.6940000000000001,0.132,0.131,0.46299999999999997,0.406,0.11,0.495,0.395,0.138,0.42200000000000004,0.44,0.134,0.449,0.41700000000000004,0.08800000000000001,0.542,0.371,0.087,0.537,0.376,0.085,0.5329999999999999,0.382,17547.0,10104.0,7353.0,90.0,18259.0,9556.0,8066.0,637.0,0.002,0.002,0.004,0.004,0.006,0.002,0.002,0.005,0.005,0.008,0.84,0.16,0.79,0.2,0.16,0.31,0.25,0.07,0.08,0.05,0.13,0.07,0.08,0.05,0.13,0.47,0.09,0.18,0.73,0.055690039703051704,0.04057673676411922,-0.05423594615993666,0.0969672242622059,-74.62222222222222
8,Greece,EL,0.13883813264890643,0.331170012512113,0.015578880147323632,0.026267658088523244,0.09240611804666769,0.34935244467098375,0.04638675388548226,29761.28,30887.69,0.14300000000000002,0.102,0.331,0.203,0.149,0.071,0.259,0.46299999999999997,0.278,0.055,0.841,0.10400000000000001,0.102,0.474,0.424,0.23199999999999998,0.449,0.319,0.11900000000000001,0.45,0.431,0.17600000000000002,0.479,0.345,0.237,0.47100000000000003,0.292,0.313,0.423,0.264,0.401,0.368,0.231,119489.0,37252.0,82237.0,0.0,129459.0,35364.0,94095.0,0.0,0.001,0.001,0.003,0.003,0.004,0.001,0.001,0.004,0.004,0.005,0.5,0.5,0.57,0.43,0.26,0.29,0.24,0.01,0.06,0.03,0.06,0.01,0.06,0.03,0.06,0.33,0.28,0.34,0.6,0.03784817050879532,0.08343864288762982,-0.050681842585632984,0.14419300314943395,
9,Spain,ES,0.06327894628068474,0.20348227524198165,0.15221215588223508,0.0906621001173831,0.3324921102977893,0.10956753310433047,0.048304879075595705,41328.35,42600.44,0.14800000000000002,0.098,0.353,0.207,0.133,0.061,0.396,0.253,0.35100000000000003,0.26,0.504,0.23600000000000002,0.302,0.233,0.465,0.387,0.22699999999999998,0.386,0.327,0.22699999999999998,0.447,0.322,0.23399999999999999,0.444,0.39799999999999996,0.23,0.37200000000000005,0.455,0.221,0.324,0.523,0.21,0.267,643684.0,120704.0,522980.0,0.0,750480.0,120198.0,630282.0,0.0,0.004,0.005,0.013999999999999999,0.013000000000000001,0.018000000000000002,0.005,0.005,0.02,0.019,0.024,0.85,0.15,0.87,0.13,0.41,0.28,0.14,0.09,0.12,0.04,0.21,0.09,0.12,0.04,0.21,0.44,0.13,0.27,0.65,0.030780081953429156,0.16591370921135215,-0.004192073170731708,0.20517419404183718,
10,Finland,FI,0.1430095981246363,0.2566406836990347,0.20024316341947876,0.1677169140649547,0.14622755178151356,0.0740394361887276,0.012122652721654387,49227.95,50676.29,0.16,0.11199999999999999,0.312,0.19899999999999998,0.163,0.055,0.16899999999999998,0.446,0.385,0.11800000000000001,0.8170000000000001,0.065,0.087,0.493,0.42,0.099,0.441,0.46,0.09300000000000001,0.434,0.473,0.071,0.419,0.51,0.09,0.40700000000000003,0.503,0.11900000000000001,0.42700000000000005,0.45399999999999996,0.146,0.445,0.409,31106.0,12060.0,18794.0,252.0,32758.0,11683.0,21008.0,67.0,0.001,0.002,0.006999999999999999,0.006,0.008,0.001,0.001,0.006999999999999999,0.006999999999999999,0.008,0.96,0.04,0.85,0.14,0.24,0.37,0.28,0.26,0.17,0.03,0.4,0.26,0.17,0.03,0.4,0.44,0.12,0.18,0.76,0.029421091067168222,0.05310872500482222,-0.0312603648424544,0.11780355432584867,-74.31349206349206
11,France,FR,0.275384510399258,0.0847668175049108,0.24970975725015399,0.20874304474554026,0.06256427339732637,0.09660342930934893,0.022228167393461645,48198.44,49768.9,0.18,0.11800000000000001,0.31,0.192,0.139,0.061,0.23399999999999999,0.428,0.33799999999999997,0.115,0.56,0.325,0.125,0.39299999999999996,0.48200000000000004,0.195,0.425,0.38,0.127,0.39799999999999996,0.475,0.14400000000000002,0.397,0.45899999999999996,0.19899999999999998,0.455,0.34600000000000003,0.25,0.45299999999999996,0.297,0.305,0.45,0.245,387158.0,108645.0,278513.0,0.0,385591.0,104311.0,281280.0,0.0,0.003,0.003,0.01,0.01,0.013000000000000001,0.002,0.003,0.011000000000000001,0.011000000000000001,0.013000000000000001,0.85,0.15,0.64,0.35,0.29,0.31,0.16,0.15,0.19,0.05,0.21,0.15,0.19,0.05,0.21,0.36,0.24,0.32,0.56,0.03258321223674457,-0.0040474431627397596,-0.039891389387454554,0.009934904295311171,
12,Croatia,HR,0.1798624522093125,0.2306681664205357,0.1068090439627768,0.023543838935373394,0.2334811360635558,0.0024414453505457404,0.22319391705790012,28841.68,30551.85,0.14400000000000002,0.109,0.325,0.21600000000000003,0.152,0.053,0.18100000000000002,0.599,0.22,0.027000000000000003,0.856,0.11699999999999999,0.044000000000000004,0.601,0.355,0.142,0.605,0.253,0.057999999999999996,0.61,0.331,0.084,0.612,0.305,0.171,0.649,0.18,0.21600000000000003,0.604,0.18,0.255,0.564,0.18100000000000002,26029.0,6040.0,19570.0,419.0,37726.0,7359.0,29861.0,506.0,0.001,0.001,0.002,0.002,0.002,0.001,0.001,0.001,0.001,0.002,0.75,0.25,0.64,0.36,0.31,0.34,0.22,0.05,0.05,0.06,0.14,0.05,0.05,0.06,0.14,0.43,0.13,0.4,0.51,0.05929508960643063,0.449383380076069,0.2183774834437086,0.5258559018906489,-45.498806682577566
13,Hungary,HU,0.03289261751541391,0.5256260794348818,0.09926680547207574,0.021753800388755032,0.2266581301147997,0.004164162272090489,0.0896384048019833,32253.94,34343.64,0.145,0.107,0.358,0.196,0.149,0.044000000000000004,0.2,0.5760000000000001,0.225,0.134,0.7879999999999999,0.077,0.127,0.568,0.306,0.15,0.59,0.26,0.12,0.546,0.33399999999999996,0.13699999999999998,0.56,0.303,0.147,0.62,0.233,0.16899999999999998,0.618,0.213,0.193,0.615,0.192,82937.0,32557.0,50301.0,79.0,88581.0,32788.0,55709.0,84.0,0.002,0.002,0.002,0.002,0.004,0.002,0.002,0.003,0.003,0.005,0.76,0.24,0.84,0.15,0.16,0.3,0.38,0.09,0.07,0.08,0.22,0.09,0.07,0.08,0.22,0.52,0.11,0.37,0.58,0.06478898391948397,0.06805165366482993,0.0070952483336916795,0.10751277310590247,-635.6582278481013
14,Ireland,IE,0.018711527929330285,0.3053927793931239,0.16549732032660253,0.11367977292054901,0.04355415335967815,0.2667408818696987,0.08642356420101754,85759.36,90405.34,0.205,0.126,0.35600000000000004,0.172,0.10800000000000001,0.033,0.21,0.38299999999999995,0.40700000000000003,0.059000000000000004,0.6679999999999999,0.273,0.07400000000000001,0.371,0.5539999999999999,0.163,0.364,0.473,0.084,0.361,0.5539999999999999,0.102,0.354,0.544,0.19,0.371,0.44,0.248,0.365,0.386,0.319,0.359,0.322,97712.0,31319.0,66393.0,0.0,85630.0,27691.0,57939.0,0.0,0.023,0.027999999999999997,0.032,0.027000000000000003,0.054000000000000006,0.022000000000000002,0.027000000000000003,0.035,0.03,0.055999999999999994,0.93,0.07,0.85,0.14,0.24,0.49,0.1,0.14,0.17,0.07,0.33,0.14,0.17,0.07,0.33,0.63,0.1,0.3,0.62,0.0541746113776968,-0.12364909120681186,-0.11584022478367764,-0.12733270073652342,
15,Italy,IT,0.4118774784634195,0.10039459773567029,0.0311175081948998,0.031458312082871795,0.22737133869171033,0.026340055971288842,0.17144070886013943,43610.31,44702.85,0.132,0.098,0.32299999999999995,0.21899999999999997,0.157,0.07200000000000001,0.39799999999999996,0.428,0.174,0.18,0.7190000000000001,0.10099999999999999,0.23800000000000002,0.484,0.27699999999999997,0.37799999999999995,0.425,0.196,0.267,0.457,0.276,0.317,0.446,0.23800000000000002,0.423,0.41200000000000003,0.165,0.457,0.395,0.14800000000000002,0.49700000000000005,0.375,0.128,332324.0,65794.0,266530.0,0.0,332778.0,69705.0,263073.0,0.0,0.002,0.002,0.006999999999999999,0.006999999999999999,0.008,0.002,0.002,0.006999999999999999,0.006999999999999999,0.008,0.7,0.29,0.57,0.41,0.22,0.25,0.23,0.09,0.08,0.06,0.15,0.09,0.08,0.06,0.15,0.38,0.2,0.44,0.46,0.02505233280845747,0.0013661366618119666,0.059443110314010394,-0.012970397328630923,
16,Lithuania,LT,0.12238462674034131,0.2625024405652905,0.22624952974473672,0.14822128426910824,0.1823963414537356,0.0,0.05824577722678764,36363.0,38809.06,0.151,0.105,0.327,0.21899999999999997,0.14,0.057999999999999996,0.111,0.51,0.379,0.075,0.736,0.18899999999999997,0.059000000000000004,0.39,0.552,0.05,0.518,0.431,0.057999999999999996,0.364,0.578,0.07400000000000001,0.389,0.537,0.038,0.602,0.36,0.036000000000000004,0.632,0.332,0.035,0.6609999999999999,0.304,28914.0,6090.0,22801.0,23.0,40067.0,7331.0,32709.0,27.0,,,0.002,0.002,0.003,,,0.003,0.003,0.003,0.8,0.2,0.8,0.19,0.21,0.31,0.16,0.04,0.04,0.03,0.22,0.04,0.04,0.03,0.22,0.53,0.05,0.19,0.73,0.06726782718697571,0.3857300961471951,0.20377668308702793,0.43454234463400726,-990.1739130434783
17,Luxembourg,LU,0.10574291492972927,0.21099554116312425,0.21437972899391963,0.2872190904865657,0.12189453930002718,0.059768185126633996,0.0,119506.21,123205.42,0.161,0.11599999999999999,0.382,0.198,0.10400000000000001,0.04,0.267,0.32299999999999995,0.41,0.225,0.556,0.21899999999999997,0.12300000000000001,0.316,0.561,0.207,0.32299999999999995,0.47,0.132,0.307,0.562,0.149,0.292,0.5579999999999999,0.247,0.33399999999999996,0.42,0.28600000000000003,0.344,0.37,0.335,0.35700000000000004,0.308,24644.0,22869.0,1775.0,0.0,26668.0,24359.0,2309.0,0.0,0.10300000000000001,0.106,0.039,0.037000000000000005,0.14300000000000002,0.10400000000000001,0.106,0.046,0.043,0.15,0.95,0.04,0.93,0.04,0.26,0.38,0.06,0.2,0.15,0.05,0.33,0.2,0.15,0.05,0.33,0.57,0.12,0.25,0.66,0.030954123639265203,0.08212952442785262,0.06515370151733788,0.3008450704225352,
18,Latvia,LV,0.17811503634740466,0.367153424308124,0.183494877354079,0.09193342685881903,0.17754112995791352,0.0017621051736598223,0.0,30668.56,32232.87,0.159,0.092,0.33799999999999997,0.209,0.147,0.055999999999999994,0.149,0.5379999999999999,0.314,0.129,0.764,0.10800000000000001,0.098,0.46299999999999997,0.43799999999999994,0.08800000000000001,0.5539999999999999,0.35700000000000004,0.09699999999999999,0.446,0.457,0.132,0.478,0.39,0.067,0.606,0.327,0.063,0.635,0.302,0.059000000000000004,0.6629999999999999,0.278,10909.0,2294.0,8615.0,0.0,11223.0,2531.0,8692.0,0.0,,,0.004,0.004,0.005,,,0.003,0.003,0.004,0.8,0.2,0.76,0.22,0.1,0.37,0.24,0.04,0.06,0.01,0.12,0.04,0.06,0.01,0.12,0.44,0.09,0.24,0.6,0.0510069595703221,0.028783573196443302,0.1033129904097646,0.00893789901334881,
19,Malta,MT,0.03917959202496425,0.37896407544617466,0.0,0.027446851029160835,0.5428919496410619,0.0,0.011517531858638342,47205.99,49026.31,0.13699999999999998,0.11,0.385,0.182,0.145,0.042,0.38799999999999996,0.342,0.27,0.17800000000000002,0.595,0.22699999999999998,0.245,0.34700000000000003,0.408,0.42200000000000004,0.28300000000000003,0.295,0.26,0.35100000000000003,0.389,0.36700000000000005,0.294,0.33899999999999997,0.496,0.268,0.23600000000000002,0.588,0.22899999999999998,0.183,0.677,0.191,0.132,26444.0,9713.0,16731.0,0.0,28341.0,8271.0,20070.0,0.0,0.022000000000000002,0.027000000000000003,0.036000000000000004,0.031,0.057999999999999996,0.027999999999999997,0.037000000000000005,0.055999999999999994,0.047,0.084,0.94,0.06,0.81,0.15,0.29,0.23,0.12,0.33,0.26,0.01,0.22,0.33,0.26,0.01,0.22,0.47,0.07,0.16,0.69,0.03856120801618608,0.07173649977310544,-0.14846082569751878,0.19956966110812266,
20,Netherlands,NL,0.18058216967365023,0.19509284873821645,0.21732132395190595,0.13196611088809312,0.1901254189620491,0.08491212778608512,0.0,57839.93,59674.84,0.159,0.12300000000000001,0.318,0.209,0.146,0.046,0.255,0.397,0.348,0.17800000000000002,0.612,0.21,0.124,0.385,0.491,0.204,0.392,0.40399999999999997,0.13,0.35600000000000004,0.514,0.157,0.376,0.467,0.218,0.42,0.36200000000000004,0.262,0.401,0.337,0.309,0.381,0.31,194306.0,89278.0,103724.0,1304.0,215756.0,98761.0,115765.0,1230.0,0.004,0.004,0.009000000000000001,0.009000000000000001,0.013000000000000001,0.003,0.004,0.011000000000000001,0.011000000000000001,0.013999999999999999,0.95,0.05,0.77,0.23,0.4,0.34,0.23,0.34,0.15,0.04,0.33,0.34,0.15,0.04,0.33,0.5,0.17,0.09,0.87,0.03172393189272525,0.1103928854487252,0.10621877730235893,0.11608692298792951,-78.59969325153374
21,Poland,PL,0.49986902181682535,0.3395793467698841,0.0,0.0,0.14802491461171693,0.01236470686423135,0.0001620099373422354,32532.2,34688.97,0.154,0.10300000000000001,0.37,0.19699999999999998,0.133,0.044000000000000004,0.133,0.585,0.282,0.092,0.78,0.128,0.06,0.506,0.435,0.07400000000000001,0.606,0.32,0.049,0.484,0.466,0.054000000000000006,0.529,0.41700000000000004,0.079,0.674,0.248,0.09300000000000001,0.705,0.20199999999999999,0.106,0.7340000000000001,0.16,214083.0,100768.0,113315.0,0.0,226649.0,97020.0,129629.0,0.0,0.002,0.002,0.006999999999999999,0.006999999999999999,0.009000000000000001,0.002,0.002,0.006999999999999999,0.006999999999999999,0.009000000000000001,0.86,0.11,0.84,0.15,0.14,0.27,0.34,0.07,0.11,0.08,0.17,0.07,0.11,0.08,0.17,0.54,0.07,0.47,0.45,0.06629646934421897,0.05869686056342634,-0.037194347411876785,0.14397034814455278,
22,Portugal,PT,0.021281294851636996,0.3021178660827354,0.045844604941828265,0.07420212601834227,0.361527051373201,0.1906397769853594,0.004387279746896701,34897.55,36465.95,0.13699999999999998,0.106,0.32899999999999996,0.209,0.154,0.064,0.47600000000000003,0.287,0.23800000000000002,0.171,0.608,0.22,0.248,0.379,0.374,0.478,0.259,0.263,0.292,0.34600000000000003,0.36200000000000004,0.369,0.297,0.33399999999999996,0.551,0.23199999999999998,0.217,0.62,0.195,0.185,0.695,0.154,0.151,43170.0,12841.0,30319.0,10.0,72725.0,16145.0,56577.0,3.0,0.001,0.001,0.006999999999999999,0.006999999999999999,0.008,0.001,0.001,0.013999999999999999,0.013999999999999999,0.015,0.75,0.25,0.84,0.16,0.24,0.25,0.16,0.03,0.07,0.01,0.12,0.03,0.07,0.01,0.12,0.6,0.05,0.21,0.71,0.044942983103398206,0.6846189483437572,0.25730083326843706,0.8660575876513078,-3031.6
23,Romania,RO,0.005709814371219192,0.3801561927014665,0.2647236075856836,0.0,0.29835888730782145,0.004458191130983607,0.046593306902825656,29281.84,31244.36,0.157,0.106,0.35600000000000004,0.19699999999999998,0.139,0.047,0.251,0.589,0.16,0.166,0.762,0.07200000000000001,0.22,0.524,0.255,0.21,0.606,0.184,0.233,0.509,0.258,0.205,0.5539999999999999,0.24100000000000002,0.165,0.691,0.14400000000000002,0.20800000000000002,0.672,0.121,0.258,0.648,0.094,172578.0,95342.0,75464.0,1772.0,202422.0,97955.0,101919.0,2548.0,,,,,,,,,,,0.6,0.4,0.73,0.24,0.2,0.25,0.29,0.08,0.12,0.08,0.15,0.08,0.12,0.08,0.15,0.6,0.1,0.39,0.53,0.06702174453517949,0.1729305009908563,0.027406599400054542,0.35056450757977314,-41.1489841986456
24,Sweden,SE,0.16038582956449365,0.2547179686787631,0.14920146391253158,0.12340042731592336,0.24263542817754458,0.06876737552586008,0.0008915068248836209,54123.64,55656.2,0.17800000000000002,0.113,0.32899999999999996,0.18100000000000002,0.14800000000000002,0.051,0.20800000000000002,0.415,0.37799999999999995,0.154,0.655,0.191,0.114,0.402,0.484,0.139,0.42100000000000004,0.44,0.11699999999999999,0.358,0.525,0.142,0.32899999999999996,0.529,0.124,0.465,0.41100000000000003,0.152,0.479,0.369,0.183,0.496,0.321,132602.0,33610.0,95900.0,3092.0,115805.0,30684.0,83430.0,1691.0,0.008,0.008,0.043,0.042,0.05,0.009000000000000001,0.009000000000000001,0.047,0.046,0.055,0.97,0.03,0.83,0.17,0.4,0.26,0.32,0.36,0.26,0.09,0.48,0.36,0.26,0.09,0.48,0.5,0.17,0.21,0.74,0.028315907799253665,-0.12667229755207313,-0.08705742338589706,-0.1300312825860271,-30.46862871927555
25,Slovenia,SI,0.057109370948503865,0.37370741067261315,0.267493647254058,0.022208162630296117,0.18656018254420992,0.06427008245604937,0.028651143494269563,39198.63,40919.23,0.151,0.094,0.341,0.21600000000000003,0.145,0.053,0.158,0.5489999999999999,0.293,0.076,0.8170000000000001,0.107,0.049,0.511,0.441,0.11199999999999999,0.555,0.33299999999999996,0.055,0.496,0.449,0.069,0.531,0.4,0.136,0.5760000000000001,0.28800000000000003,0.16,0.586,0.253,0.18600000000000003,0.597,0.217,28455.0,5666.0,22789.0,0.0,31319.0,5038.0,26281.0,0.0,0.001,0.001,0.012,0.012,0.013000000000000001,0.001,0.001,0.013000000000000001,0.013000000000000001,0.015,0.92,0.08,0.77,0.23,0.22,0.29,0.18,0.06,0.11,0.05,0.17,0.06,0.11,0.05,0.17,0.44,0.15,0.48,0.48,0.043894391207039786,0.10065014935863645,-0.1108365690081186,0.1532318223704419,
26,Slovakia,SK,0.2292610177745313,0.3286193287882477,0.10056762843925006,0.007958972485999513,0.160409057706355,0.006754727700673647,0.1664292671049428,32792.64,34203.01,0.157,0.10400000000000001,0.381,0.19699999999999998,0.127,0.033,0.145,0.623,0.231,0.10099999999999999,0.741,0.158,0.091,0.517,0.392,0.086,0.6559999999999999,0.258,0.095,0.505,0.401,0.075,0.6579999999999999,0.267,0.066,0.737,0.19699999999999998,0.09,0.731,0.179,0.115,0.7240000000000001,0.161,7253.0,4696.0,2557.0,0.0,7016.0,4239.0,2777.0,0.0,,0.001,0.001,0.001,0.001,0.001,0.001,0.001,0.001,0.002,0.82,0.17,0.8,0.18,0.23,0.33,0.23,0.07,0.11,0.06,0.14,0.07,0.11,0.06,0.14,0.36,0.15,0.35,0.52,0.04300873610663864,-0.03267613401351165,-0.0973168654173765,0.08603832616347282,
27,United Kingdom,UK,0.4416073660770996,0.03324615881653195,0.20387872046653902,0.16542203208153222,0.14172532288998782,0.009008821499871833,0.005111578168437492,48163.69,49575.6,0.179,0.11800000000000001,0.32799999999999996,0.191,0.134,0.05,0.191,0.402,0.406,0.141,0.5539999999999999,0.305,0.139,0.36700000000000005,0.494,0.18899999999999997,0.364,0.447,0.14,0.36,0.5,0.145,0.34600000000000003,0.509,0.21899999999999997,0.364,0.41700000000000004,0.237,0.371,0.392,0.256,0.37799999999999995,0.365,603953.0,225498.0,378455.0,0.0,680906.0,207968.0,472938.0,0.0,0.017,0.017,0.018000000000000002,0.018000000000000002,0.035,0.015,0.015,0.019,0.019,0.034,0.9,0.1,0.58,0.4,0.29,0.4,0.14,0.15,0.13,0.03,0.19,0.15,0.13,0.03,0.19,0.38,0.31,0.42,0.45,0.029314822016336294,0.1274155439247756,-0.07773904868335861,0.24965451638900266,
